[{"model": "admin.logentry", "pk": 1, "fields": {"action_time": "2020-10-05T19:48:39.397Z", "user": 1, "content_type": null, "object_id": "1", "object_repr": "Shirts", "action_flag": 1, "change_message": "[{\"added\": {}}]"}}, {"model": "admin.logentry", "pk": 2, "fields": {"action_time": "2020-10-05T20:00:51.612Z", "user": 1, "content_type": null, "object_id": "2", "object_repr": "T Shirt", "action_flag": 1, "change_message": "[{\"added\": {}}]"}}, {"model": "admin.logentry", "pk": 3, "fields": {"action_time": "2020-10-05T20:01:08.744Z", "user": 1, "content_type": null, "object_id": "3", "object_repr": "Shoes", "action_flag": 1, "change_message": "[{\"added\": {}}]"}}, {"model": "admin.logentry", "pk": 4, "fields": {"action_time": "2020-10-05T20:01:26.446Z", "user": 1, "content_type": null, "object_id": "4", "object_repr": "Jeans", "action_flag": 1, "change_message": "[{\"added\": {}}]"}}, {"model": "admin.logentry", "pk": 5, "fields": {"action_time": "2020-10-05T20:01:42.413Z", "user": 1, "content_type": null, "object_id": "5", "object_repr": "Jackets", "action_flag": 1, "change_message": "[{\"added\": {}}]"}}, {"model": "admin.logentry", "pk": 6, "fields": {"action_time": "2020-10-05T20:35:41.812Z", "user": 1, "content_type": null, "object_id": "1", "object_repr": "ATX Jeans", "action_flag": 1, "change_message": "[{\"added\": {}}]"}}, {"model": "admin.logentry", "pk": 7, "fields": {"action_time": "2020-10-05T20:36:54.410Z", "user": 1, "content_type": null, "object_id": "2", "object_repr": "RXN Blue Shirt", "action_flag": 1, "change_message": "[{\"added\": {}}]"}}, {"model": "admin.logentry", "pk": 8, "fields": {"action_time": "2020-10-05T20:37:24.166Z", "user": 1, "content_type": null, "object_id": "3", "object_repr": "Great Tshirt", "action_flag": 1, "change_message": "[{\"added\": {}}]"}}, {"model": "admin.logentry", "pk": 9, "fields": {"action_time": "2020-10-05T20:37:54.524Z", "user": 1, "content_type": null, "object_id": "4", "object_repr": "Jordan Basketball Shoes", "action_flag": 1, "change_message": "[{\"added\": {}}]"}}, {"model": "admin.logentry", "pk": 10, "fields": {"action_time": "2020-10-05T20:38:21.365Z", "user": 1, "content_type": null, "object_id": "5", "object_repr": "Mavi Jeans", "action_flag": 1, "change_message": "[{\"added\": {}}]"}}, {"model": "admin.logentry", "pk": 11, "fields": {"action_time": "2020-10-05T20:39:03.007Z", "user": 1, "content_type": null, "object_id": "6", "object_repr": "Puma Ferrari Shoes", "action_flag": 1, "change_message": "[{\"added\": {}}]"}}, {"model": "admin.logentry", "pk": 12, "fields": {"action_time": "2020-10-05T20:39:23.669Z", "user": 1, "content_type": null, "object_id": "7", "object_repr": "US Polo Assn Jacket", "action_flag": 1, "change_message": "[{\"added\": {}}]"}}, {"model": "admin.logentry", "pk": 13, "fields": {"action_time": "2020-10-05T20:39:54.010Z", "user": 1, "content_type": null, "object_id": "8", "object_repr": "Wrangler Shirt", "action_flag": 1, "change_message": "[{\"added\": {}}]"}}, {"model": "admin.logentry", "pk": 14, "fields": {"action_time": "2020-10-10T19:22:35.662Z", "user": 1, "content_type": null, "object_id": "3", "object_repr": "Great Tshirt", "action_flag": 2, "change_message": "[{\"changed\": {\"fields\": [\"Stock\"]}}]"}}, {"model": "admin.logentry", "pk": 15, "fields": {"action_time": "2020-10-19T12:02:15.545Z", "user": 1, "content_type": null, "object_id": "8", "object_repr": "Wrangler Shirt", "action_flag": 2, "change_message": "[{\"changed\": {\"fields\": [\"Stock\"]}}]"}}, {"model": "admin.logentry", "pk": 16, "fields": {"action_time": "2020-10-21T18:52:02.257Z", "user": 1, "content_type": null, "object_id": "1", "object_repr": "ATX Jeans", "action_flag": 2, "change_message": "[{\"changed\": {\"fields\": [\"Description\"]}}]"}}, {"model": "admin.logentry", "pk": 17, "fields": {"action_time": "2020-10-23T21:52:17.005Z", "user": 1, "content_type": null, "object_id": "1", "object_repr": "Variation object (1)", "action_flag": 1, "change_message": "[{\"added\": {}}]"}}, {"model": "admin.logentry", "pk": 18, "fields": {"action_time": "2020-10-23T21:52:29.007Z", "user": 1, "content_type": null, "object_id": "2", "object_repr": "Variation object (2)", "action_flag": 1, "change_message": "[{\"added\": {}}]"}}, {"model": "admin.logentry", "pk": 19, "fields": {"action_time": "2020-10-23T21:52:38.067Z", "user": 1, "content_type": null, "object_id": "3", "object_repr": "Variation object (3)", "action_flag": 1, "change_message": "[{\"added\": {}}]"}}, {"model": "admin.logentry", "pk": 20, "fields": {"action_time": "2020-10-23T21:55:02.904Z", "user": 1, "content_type": null, "object_id": "3", "object_repr": "Variation object (3)", "action_flag": 2, "change_message": "[{\"changed\": {\"fields\": [\"Is active\"]}}]"}}, {"model": "admin.logentry", "pk": 21, "fields": {"action_time": "2020-10-23T21:55:08.550Z", "user": 1, "content_type": null, "object_id": "3", "object_repr": "Variation object (3)", "action_flag": 2, "change_message": "[{\"changed\": {\"fields\": [\"Is active\"]}}]"}}, {"model": "admin.logentry", "pk": 22, "fields": {"action_time": "2020-10-23T22:02:35.652Z", "user": 1, "content_type": null, "object_id": "4", "object_repr": "Variation object (4)", "action_flag": 1, "change_message": "[{\"added\": {}}]"}}, {"model": "admin.logentry", "pk": 23, "fields": {"action_time": "2020-10-23T22:02:45.395Z", "user": 1, "content_type": null, "object_id": "5", "object_repr": "Variation object (5)", "action_flag": 1, "change_message": "[{\"added\": {}}]"}}, {"model": "admin.logentry", "pk": 24, "fields": {"action_time": "2020-10-23T22:02:53.433Z", "user": 1, "content_type": null, "object_id": "6", "object_repr": "Variation object (6)", "action_flag": 1, "change_message": "[{\"added\": {}}]"}}, {"model": "admin.logentry", "pk": 25, "fields": {"action_time": "2020-10-23T22:07:22.688Z", "user": 1, "content_type": null, "object_id": "6", "object_repr": "Variation object (6)", "action_flag": 3, "change_message": ""}}, {"model": "admin.logentry", "pk": 26, "fields": {"action_time": "2020-10-23T22:07:22.694Z", "user": 1, "content_type": null, "object_id": "5", "object_repr": "Variation object (5)", "action_flag": 3, "change_message": ""}}, {"model": "admin.logentry", "pk": 27, "fields": {"action_time": "2020-10-23T22:07:22.697Z", "user": 1, "content_type": null, "object_id": "4", "object_repr": "Variation object (4)", "action_flag": 3, "change_message": ""}}, {"model": "admin.logentry", "pk": 28, "fields": {"action_time": "2020-10-23T22:10:56.229Z", "user": 1, "content_type": null, "object_id": "1", "object_repr": "Variation object (1)", "action_flag": 2, "change_message": "[{\"changed\": {\"fields\": [\"Variation value\"]}}]"}}, {"model": "admin.logentry", "pk": 29, "fields": {"action_time": "2020-10-27T19:09:23.750Z", "user": 1, "content_type": null, "object_id": "7", "object_repr": "Variation object (7)", "action_flag": 1, "change_message": "[{\"added\": {}}]"}}, {"model": "admin.logentry", "pk": 30, "fields": {"action_time": "2020-10-27T19:21:00.644Z", "user": 1, "content_type": null, "object_id": "8", "object_repr": "Variation object (8)", "action_flag": 1, "change_message": "[{\"added\": {}}]"}}, {"model": "admin.logentry", "pk": 31, "fields": {"action_time": "2020-10-27T19:21:08.627Z", "user": 1, "content_type": null, "object_id": "9", "object_repr": "Variation object (9)", "action_flag": 1, "change_message": "[{\"added\": {}}]"}}, {"model": "admin.logentry", "pk": 32, "fields": {"action_time": "2021-02-17T19:00:13.315Z", "user": 1, "content_type": null, "object_id": "38", "object_repr": "CartItem object (38)", "action_flag": 3, "change_message": ""}}, {"model": "admin.logentry", "pk": 33, "fields": {"action_time": "2021-02-25T19:53:12.420Z", "user": 1, "content_type": null, "object_id": "3", "object_repr": "rathan.kumar049@gmail.com", "action_flag": 3, "change_message": ""}}, {"model": "admin.logentry", "pk": 34, "fields": {"action_time": "2021-02-25T20:12:34.813Z", "user": 1, "content_type": null, "object_id": "6", "object_repr": "rathan.kumar0121221@gmail.com", "action_flag": 3, "change_message": ""}}, {"model": "admin.logentry", "pk": 35, "fields": {"action_time": "2021-02-25T20:12:34.821Z", "user": 1, "content_type": null, "object_id": "5", "object_repr": "rathan.kumar1232@gmail.com", "action_flag": 3, "change_message": ""}}, {"model": "admin.logentry", "pk": 36, "fields": {"action_time": "2021-02-25T20:12:34.827Z", "user": 1, "content_type": null, "object_id": "4", "object_repr": "rathan.kumar049@gmail.com", "action_flag": 3, "change_message": ""}}, {"model": "admin.logentry", "pk": 37, "fields": {"action_time": "2021-02-25T20:48:28.429Z", "user": 1, "content_type": null, "object_id": "8", "object_repr": "rathan.kumar123@gmail.com", "action_flag": 3, "change_message": ""}}, {"model": "admin.logentry", "pk": 38, "fields": {"action_time": "2021-02-25T21:58:34.635Z", "user": 1, "content_type": null, "object_id": "13", "object_repr": "rathan.kumar492@gmail.com", "action_flag": 3, "change_message": ""}}, {"model": "admin.logentry", "pk": 39, "fields": {"action_time": "2021-02-25T22:08:20.737Z", "user": 1, "content_type": null, "object_id": "14", "object_repr": "rathan.kumar492@gmail.com", "action_flag": 3, "change_message": ""}}, {"model": "admin.logentry", "pk": 40, "fields": {"action_time": "2021-02-25T22:22:42.688Z", "user": 1, "content_type": null, "object_id": "15", "object_repr": "rathan.kumar492@gmail.com", "action_flag": 3, "change_message": ""}}, {"model": "admin.logentry", "pk": 41, "fields": {"action_time": "2021-03-08T11:25:59.590Z", "user": 1, "content_type": null, "object_id": "69", "object_repr": "CartItem object (69)", "action_flag": 3, "change_message": ""}}, {"model": "admin.logentry", "pk": 42, "fields": {"action_time": "2021-03-08T11:25:59.597Z", "user": 1, "content_type": null, "object_id": "67", "object_repr": "CartItem object (67)", "action_flag": 3, "change_message": ""}}, {"model": "admin.logentry", "pk": 43, "fields": {"action_time": "2021-03-08T11:25:59.604Z", "user": 1, "content_type": null, "object_id": "66", "object_repr": "CartItem object (66)", "action_flag": 3, "change_message": ""}}, {"model": "admin.logentry", "pk": 44, "fields": {"action_time": "2021-03-08T11:25:59.608Z", "user": 1, "content_type": null, "object_id": "65", "object_repr": "CartItem object (65)", "action_flag": 3, "change_message": ""}}, {"model": "admin.logentry", "pk": 45, "fields": {"action_time": "2021-03-08T11:25:59.612Z", "user": 1, "content_type": null, "object_id": "64", "object_repr": "CartItem object (64)", "action_flag": 3, "change_message": ""}}, {"model": "admin.logentry", "pk": 46, "fields": {"action_time": "2021-03-08T11:25:59.618Z", "user": 1, "content_type": null, "object_id": "63", "object_repr": "CartItem object (63)", "action_flag": 3, "change_message": ""}}, {"model": "admin.logentry", "pk": 47, "fields": {"action_time": "2021-03-08T11:25:59.623Z", "user": 1, "content_type": null, "object_id": "60", "object_repr": "CartItem object (60)", "action_flag": 3, "change_message": ""}}, {"model": "admin.logentry", "pk": 48, "fields": {"action_time": "2021-03-08T11:25:59.626Z", "user": 1, "content_type": null, "object_id": "59", "object_repr": "CartItem object (59)", "action_flag": 3, "change_message": ""}}, {"model": "admin.logentry", "pk": 49, "fields": {"action_time": "2021-03-08T11:25:59.631Z", "user": 1, "content_type": null, "object_id": "58", "object_repr": "CartItem object (58)", "action_flag": 3, "change_message": ""}}, {"model": "admin.logentry", "pk": 50, "fields": {"action_time": "2021-03-08T11:25:59.638Z", "user": 1, "content_type": null, "object_id": "57", "object_repr": "CartItem object (57)", "action_flag": 3, "change_message": ""}}, {"model": "admin.logentry", "pk": 51, "fields": {"action_time": "2021-03-08T11:25:59.643Z", "user": 1, "content_type": null, "object_id": "56", "object_repr": "CartItem object (56)", "action_flag": 3, "change_message": ""}}, {"model": "admin.logentry", "pk": 52, "fields": {"action_time": "2021-03-08T11:25:59.649Z", "user": 1, "content_type": null, "object_id": "55", "object_repr": "CartItem object (55)", "action_flag": 3, "change_message": ""}}, {"model": "admin.logentry", "pk": 53, "fields": {"action_time": "2021-03-08T11:25:59.654Z", "user": 1, "content_type": null, "object_id": "44", "object_repr": "CartItem object (44)", "action_flag": 3, "change_message": ""}}, {"model": "admin.logentry", "pk": 54, "fields": {"action_time": "2021-03-08T11:25:59.658Z", "user": 1, "content_type": null, "object_id": "43", "object_repr": "CartItem object (43)", "action_flag": 3, "change_message": ""}}, {"model": "admin.logentry", "pk": 55, "fields": {"action_time": "2021-03-08T11:25:59.663Z", "user": 1, "content_type": null, "object_id": "42", "object_repr": "CartItem object (42)", "action_flag": 3, "change_message": ""}}, {"model": "admin.logentry", "pk": 56, "fields": {"action_time": "2021-03-08T11:25:59.672Z", "user": 1, "content_type": null, "object_id": "41", "object_repr": "CartItem object (41)", "action_flag": 3, "change_message": ""}}, {"model": "admin.logentry", "pk": 57, "fields": {"action_time": "2021-03-08T11:25:59.677Z", "user": 1, "content_type": null, "object_id": "40", "object_repr": "CartItem object (40)", "action_flag": 3, "change_message": ""}}, {"model": "admin.logentry", "pk": 58, "fields": {"action_time": "2021-03-08T11:25:59.684Z", "user": 1, "content_type": null, "object_id": "39", "object_repr": "CartItem object (39)", "action_flag": 3, "change_message": ""}}, {"model": "admin.logentry", "pk": 59, "fields": {"action_time": "2021-03-08T11:25:59.690Z", "user": 1, "content_type": null, "object_id": "35", "object_repr": "CartItem object (35)", "action_flag": 3, "change_message": ""}}, {"model": "admin.logentry", "pk": 60, "fields": {"action_time": "2021-03-08T11:25:59.695Z", "user": 1, "content_type": null, "object_id": "34", "object_repr": "CartItem object (34)", "action_flag": 3, "change_message": ""}}, {"model": "admin.logentry", "pk": 61, "fields": {"action_time": "2021-03-08T11:25:59.702Z", "user": 1, "content_type": null, "object_id": "27", "object_repr": "CartItem object (27)", "action_flag": 3, "change_message": ""}}, {"model": "admin.logentry", "pk": 62, "fields": {"action_time": "2021-03-08T11:25:59.708Z", "user": 1, "content_type": null, "object_id": "24", "object_repr": "CartItem object (24)", "action_flag": 3, "change_message": ""}}, {"model": "admin.logentry", "pk": 63, "fields": {"action_time": "2021-03-08T11:25:59.713Z", "user": 1, "content_type": null, "object_id": "22", "object_repr": "CartItem object (22)", "action_flag": 3, "change_message": ""}}, {"model": "admin.logentry", "pk": 64, "fields": {"action_time": "2021-03-08T11:25:59.720Z", "user": 1, "content_type": null, "object_id": "21", "object_repr": "CartItem object (21)", "action_flag": 3, "change_message": ""}}, {"model": "admin.logentry", "pk": 65, "fields": {"action_time": "2021-03-08T11:25:59.726Z", "user": 1, "content_type": null, "object_id": "12", "object_repr": "CartItem object (12)", "action_flag": 3, "change_message": ""}}, {"model": "admin.logentry", "pk": 66, "fields": {"action_time": "2021-03-08T11:25:59.733Z", "user": 1, "content_type": null, "object_id": "8", "object_repr": "CartItem object (8)", "action_flag": 3, "change_message": ""}}, {"model": "admin.logentry", "pk": 67, "fields": {"action_time": "2021-03-08T11:25:59.738Z", "user": 1, "content_type": null, "object_id": "7", "object_repr": "CartItem object (7)", "action_flag": 3, "change_message": ""}}, {"model": "admin.logentry", "pk": 68, "fields": {"action_time": "2021-03-08T11:25:59.743Z", "user": 1, "content_type": null, "object_id": "6", "object_repr": "CartItem object (6)", "action_flag": 3, "change_message": ""}}, {"model": "admin.logentry", "pk": 69, "fields": {"action_time": "2021-03-08T11:25:59.749Z", "user": 1, "content_type": null, "object_id": "4", "object_repr": "CartItem object (4)", "action_flag": 3, "change_message": ""}}, {"model": "admin.logentry", "pk": 70, "fields": {"action_time": "2021-03-08T11:28:23.603Z", "user": 1, "content_type": null, "object_id": "70", "object_repr": "CartItem object (70)", "action_flag": 3, "change_message": ""}}, {"model": "admin.logentry", "pk": 71, "fields": {"action_time": "2021-03-08T11:30:57.491Z", "user": 1, "content_type": null, "object_id": "72", "object_repr": "CartItem object (72)", "action_flag": 3, "change_message": ""}}, {"model": "admin.logentry", "pk": 72, "fields": {"action_time": "2021-03-08T11:30:57.499Z", "user": 1, "content_type": null, "object_id": "71", "object_repr": "CartItem object (71)", "action_flag": 3, "change_message": ""}}, {"model": "admin.logentry", "pk": 73, "fields": {"action_time": "2021-03-09T13:09:40.251Z", "user": 1, "content_type": null, "object_id": "32", "object_repr": "u16dqotl8vhraagu9b56gj7s8okbkhww", "action_flag": 3, "change_message": ""}}, {"model": "admin.logentry", "pk": 74, "fields": {"action_time": "2021-03-09T13:09:40.257Z", "user": 1, "content_type": null, "object_id": "31", "object_repr": "4kqklofdqohue00epbj4ypp84koajtnz", "action_flag": 3, "change_message": ""}}, {"model": "admin.logentry", "pk": 75, "fields": {"action_time": "2021-03-09T13:09:40.263Z", "user": 1, "content_type": null, "object_id": "30", "object_repr": "7xagmxwlhrvyhhw2nacccf70e8ijj610", "action_flag": 3, "change_message": ""}}, {"model": "admin.logentry", "pk": 76, "fields": {"action_time": "2021-03-09T13:09:40.268Z", "user": 1, "content_type": null, "object_id": "29", "object_repr": "6wduji3ged5ipcoyyfwieyaeznnwcvci", "action_flag": 3, "change_message": ""}}, {"model": "admin.logentry", "pk": 77, "fields": {"action_time": "2021-03-09T13:09:40.273Z", "user": 1, "content_type": null, "object_id": "28", "object_repr": "k81pvku9454kharc5hfm0ic37yccpvdj", "action_flag": 3, "change_message": ""}}, {"model": "admin.logentry", "pk": 78, "fields": {"action_time": "2021-03-09T13:09:40.277Z", "user": 1, "content_type": null, "object_id": "27", "object_repr": "b6lu8g6otgg1p4a8r1r65rofjs0xxopn", "action_flag": 3, "change_message": ""}}, {"model": "admin.logentry", "pk": 79, "fields": {"action_time": "2021-03-09T13:09:40.283Z", "user": 1, "content_type": null, "object_id": "26", "object_repr": "ek62tr884ksdg5gs7snsb9ql5ujv49rt", "action_flag": 3, "change_message": ""}}, {"model": "admin.logentry", "pk": 80, "fields": {"action_time": "2021-03-09T13:09:40.287Z", "user": 1, "content_type": null, "object_id": "25", "object_repr": "cj15v57bxt2f7zjnhfjf3fzdpo8xpmsp", "action_flag": 3, "change_message": ""}}, {"model": "admin.logentry", "pk": 81, "fields": {"action_time": "2021-03-09T13:09:40.291Z", "user": 1, "content_type": null, "object_id": "24", "object_repr": "eqo1d50n0k937qt2oog5o3abzzzmuv4s", "action_flag": 3, "change_message": ""}}, {"model": "admin.logentry", "pk": 82, "fields": {"action_time": "2021-03-09T13:09:40.297Z", "user": 1, "content_type": null, "object_id": "23", "object_repr": "4lz4umt9h05a9pdfzrvnc96jlxrd92ve", "action_flag": 3, "change_message": ""}}, {"model": "admin.logentry", "pk": 83, "fields": {"action_time": "2021-03-09T13:09:40.303Z", "user": 1, "content_type": null, "object_id": "22", "object_repr": "ls9yjhf9m2lju5yp9oarhv1zwjo8ftva", "action_flag": 3, "change_message": ""}}, {"model": "admin.logentry", "pk": 84, "fields": {"action_time": "2021-03-09T13:09:40.306Z", "user": 1, "content_type": null, "object_id": "21", "object_repr": "o926orghvrtxzsp9jpelsko0djw6jkxr", "action_flag": 3, "change_message": ""}}, {"model": "admin.logentry", "pk": 85, "fields": {"action_time": "2021-03-09T13:09:40.313Z", "user": 1, "content_type": null, "object_id": "20", "object_repr": "caau0u50ilf897723oe2cuyyh9aasvn3", "action_flag": 3, "change_message": ""}}, {"model": "admin.logentry", "pk": 86, "fields": {"action_time": "2021-03-09T13:09:40.319Z", "user": 1, "content_type": null, "object_id": "19", "object_repr": "atm2dbwtey2clavzjiwbzem7b6xq7jxg", "action_flag": 3, "change_message": ""}}, {"model": "admin.logentry", "pk": 87, "fields": {"action_time": "2021-03-09T13:09:40.323Z", "user": 1, "content_type": null, "object_id": "18", "object_repr": "vv16mzrgl6xrpjeq82u2y28d246nwdby", "action_flag": 3, "change_message": ""}}, {"model": "admin.logentry", "pk": 88, "fields": {"action_time": "2021-03-09T13:09:40.332Z", "user": 1, "content_type": null, "object_id": "17", "object_repr": "r7f3wb7cfl5wfv1gqt885ht04yvnaeys", "action_flag": 3, "change_message": ""}}, {"model": "admin.logentry", "pk": 89, "fields": {"action_time": "2021-03-09T13:09:40.338Z", "user": 1, "content_type": null, "object_id": "16", "object_repr": "toxf17vxpn6h3car28s92mf7xvszl01l", "action_flag": 3, "change_message": ""}}, {"model": "admin.logentry", "pk": 90, "fields": {"action_time": "2021-03-09T13:09:40.342Z", "user": 1, "content_type": null, "object_id": "15", "object_repr": "bn7dswi38uzmsf4v0e382303y45bf6nd", "action_flag": 3, "change_message": ""}}, {"model": "admin.logentry", "pk": 91, "fields": {"action_time": "2021-03-09T13:09:40.351Z", "user": 1, "content_type": null, "object_id": "14", "object_repr": "tckh0e0lwkqsfxntscpz1t4ddsfrchbe", "action_flag": 3, "change_message": ""}}, {"model": "admin.logentry", "pk": 92, "fields": {"action_time": "2021-03-09T13:09:40.356Z", "user": 1, "content_type": null, "object_id": "13", "object_repr": "yzatunrc6pun56pdlo72l36lfhnamrk3", "action_flag": 3, "change_message": ""}}, {"model": "admin.logentry", "pk": 93, "fields": {"action_time": "2021-03-09T13:09:40.361Z", "user": 1, "content_type": null, "object_id": "12", "object_repr": "6fmzap0ywoef3vtwpnbxsnc2jl6in38w", "action_flag": 3, "change_message": ""}}, {"model": "admin.logentry", "pk": 94, "fields": {"action_time": "2021-03-09T13:09:40.369Z", "user": 1, "content_type": null, "object_id": "11", "object_repr": "e30no6e6a7pqnjh5k3xrstla71qqdw27", "action_flag": 3, "change_message": ""}}, {"model": "admin.logentry", "pk": 95, "fields": {"action_time": "2021-03-09T13:09:40.374Z", "user": 1, "content_type": null, "object_id": "10", "object_repr": "t4ectlr94ink9vccx2n5y111hdcawlo9", "action_flag": 3, "change_message": ""}}, {"model": "admin.logentry", "pk": 96, "fields": {"action_time": "2021-03-09T13:09:40.381Z", "user": 1, "content_type": null, "object_id": "9", "object_repr": "cmxet2hw2kj83zr896j96dlryfi8eilx", "action_flag": 3, "change_message": ""}}, {"model": "admin.logentry", "pk": 97, "fields": {"action_time": "2021-03-09T13:09:40.386Z", "user": 1, "content_type": null, "object_id": "8", "object_repr": "s5us43tr8kffv7cx1k8ed79uduor7gf4", "action_flag": 3, "change_message": ""}}, {"model": "admin.logentry", "pk": 98, "fields": {"action_time": "2021-03-09T13:09:40.391Z", "user": 1, "content_type": null, "object_id": "7", "object_repr": "48612v4ihoopz2h698zacivgnbf1vgx1", "action_flag": 3, "change_message": ""}}, {"model": "admin.logentry", "pk": 99, "fields": {"action_time": "2021-03-09T13:09:40.397Z", "user": 1, "content_type": null, "object_id": "6", "object_repr": "wbsu1r3oqkayt6yo5jr8k09itydf65ly", "action_flag": 3, "change_message": ""}}, {"model": "admin.logentry", "pk": 100, "fields": {"action_time": "2021-03-09T13:09:40.403Z", "user": 1, "content_type": null, "object_id": "5", "object_repr": "x0h17vpp35nhfzuk0wbwlter0aimcoty", "action_flag": 3, "change_message": ""}}, {"model": "admin.logentry", "pk": 101, "fields": {"action_time": "2021-03-09T13:09:40.407Z", "user": 1, "content_type": null, "object_id": "4", "object_repr": "zijhvhx8b8y2ota9hlo4zs5i1ttr9sxt", "action_flag": 3, "change_message": ""}}, {"model": "admin.logentry", "pk": 102, "fields": {"action_time": "2021-03-09T13:09:40.415Z", "user": 1, "content_type": null, "object_id": "3", "object_repr": "dm5fmdibj85y87gqgbyn8dgssdtl0z86", "action_flag": 3, "change_message": ""}}, {"model": "admin.logentry", "pk": 103, "fields": {"action_time": "2021-03-09T13:09:40.419Z", "user": 1, "content_type": null, "object_id": "2", "object_repr": "zx8g9568osayk1p2dw6673a0vzwfc00o", "action_flag": 3, "change_message": ""}}, {"model": "admin.logentry", "pk": 104, "fields": {"action_time": "2021-03-09T13:09:40.424Z", "user": 1, "content_type": null, "object_id": "1", "object_repr": "gj1shu8p55459q2vactmhjyoy4wrr66h", "action_flag": 3, "change_message": ""}}, {"model": "admin.logentry", "pk": 105, "fields": {"action_time": "2021-03-09T13:22:34.784Z", "user": 1, "content_type": null, "object_id": "82", "object_repr": "CartItem object (82)", "action_flag": 3, "change_message": ""}}, {"model": "admin.logentry", "pk": 106, "fields": {"action_time": "2021-03-09T13:22:34.790Z", "user": 1, "content_type": null, "object_id": "81", "object_repr": "CartItem object (81)", "action_flag": 3, "change_message": ""}}, {"model": "admin.logentry", "pk": 107, "fields": {"action_time": "2021-03-09T13:22:34.796Z", "user": 1, "content_type": null, "object_id": "80", "object_repr": "CartItem object (80)", "action_flag": 3, "change_message": ""}}, {"model": "admin.logentry", "pk": 108, "fields": {"action_time": "2021-03-09T13:37:26.201Z", "user": 1, "content_type": null, "object_id": "86", "object_repr": "CartItem object (86)", "action_flag": 3, "change_message": ""}}, {"model": "admin.logentry", "pk": 109, "fields": {"action_time": "2021-03-09T13:37:26.208Z", "user": 1, "content_type": null, "object_id": "85", "object_repr": "CartItem object (85)", "action_flag": 3, "change_message": ""}}, {"model": "admin.logentry", "pk": 110, "fields": {"action_time": "2021-03-09T13:37:26.213Z", "user": 1, "content_type": null, "object_id": "84", "object_repr": "CartItem object (84)", "action_flag": 3, "change_message": ""}}, {"model": "admin.logentry", "pk": 111, "fields": {"action_time": "2021-03-09T13:37:26.217Z", "user": 1, "content_type": null, "object_id": "83", "object_repr": "CartItem object (83)", "action_flag": 3, "change_message": ""}}, {"model": "admin.logentry", "pk": 112, "fields": {"action_time": "2021-03-11T10:54:03.379Z", "user": 1, "content_type": null, "object_id": "3", "object_repr": "Sachin", "action_flag": 3, "change_message": ""}}, {"model": "admin.logentry", "pk": 113, "fields": {"action_time": "2021-03-16T14:11:14.408Z", "user": 1, "content_type": null, "object_id": "111", "object_repr": "Rathan", "action_flag": 3, "change_message": ""}}, {"model": "admin.logentry", "pk": 114, "fields": {"action_time": "2021-03-16T14:11:14.415Z", "user": 1, "content_type": null, "object_id": "110", "object_repr": "Rathan", "action_flag": 3, "change_message": ""}}, {"model": "admin.logentry", "pk": 115, "fields": {"action_time": "2021-03-16T14:11:14.419Z", "user": 1, "content_type": null, "object_id": "109", "object_repr": "Insta", "action_flag": 3, "change_message": ""}}, {"model": "admin.logentry", "pk": 116, "fields": {"action_time": "2021-03-16T14:11:14.423Z", "user": 1, "content_type": null, "object_id": "108", "object_repr": "Rathan", "action_flag": 3, "change_message": ""}}, {"model": "admin.logentry", "pk": 117, "fields": {"action_time": "2021-03-16T14:11:14.425Z", "user": 1, "content_type": null, "object_id": "107", "object_repr": "Rathan", "action_flag": 3, "change_message": ""}}, {"model": "admin.logentry", "pk": 118, "fields": {"action_time": "2021-03-16T14:11:14.428Z", "user": 1, "content_type": null, "object_id": "106", "object_repr": "Rathan", "action_flag": 3, "change_message": ""}}, {"model": "admin.logentry", "pk": 119, "fields": {"action_time": "2021-03-16T14:11:14.435Z", "user": 1, "content_type": null, "object_id": "105", "object_repr": "Insta", "action_flag": 3, "change_message": ""}}, {"model": "admin.logentry", "pk": 120, "fields": {"action_time": "2021-03-16T14:11:14.437Z", "user": 1, "content_type": null, "object_id": "104", "object_repr": "Rathan", "action_flag": 3, "change_message": ""}}, {"model": "admin.logentry", "pk": 121, "fields": {"action_time": "2021-03-16T14:11:14.441Z", "user": 1, "content_type": null, "object_id": "103", "object_repr": "Insta", "action_flag": 3, "change_message": ""}}, {"model": "admin.logentry", "pk": 122, "fields": {"action_time": "2021-03-16T14:11:14.444Z", "user": 1, "content_type": null, "object_id": "102", "object_repr": "Rathan", "action_flag": 3, "change_message": ""}}, {"model": "admin.logentry", "pk": 123, "fields": {"action_time": "2021-03-16T14:11:14.450Z", "user": 1, "content_type": null, "object_id": "101", "object_repr": "Rathan", "action_flag": 3, "change_message": ""}}, {"model": "admin.logentry", "pk": 124, "fields": {"action_time": "2021-03-16T14:11:14.454Z", "user": 1, "content_type": null, "object_id": "100", "object_repr": "Rathan", "action_flag": 3, "change_message": ""}}, {"model": "admin.logentry", "pk": 125, "fields": {"action_time": "2021-03-16T14:11:14.457Z", "user": 1, "content_type": null, "object_id": "99", "object_repr": "Rathan", "action_flag": 3, "change_message": ""}}, {"model": "admin.logentry", "pk": 126, "fields": {"action_time": "2021-03-16T14:11:14.461Z", "user": 1, "content_type": null, "object_id": "98", "object_repr": "Rathan", "action_flag": 3, "change_message": ""}}, {"model": "admin.logentry", "pk": 127, "fields": {"action_time": "2021-03-16T14:11:14.468Z", "user": 1, "content_type": null, "object_id": "97", "object_repr": "Rathan", "action_flag": 3, "change_message": ""}}, {"model": "admin.logentry", "pk": 128, "fields": {"action_time": "2021-03-16T14:11:14.472Z", "user": 1, "content_type": null, "object_id": "96", "object_repr": "Rathan", "action_flag": 3, "change_message": ""}}, {"model": "admin.logentry", "pk": 129, "fields": {"action_time": "2021-03-16T14:11:14.476Z", "user": 1, "content_type": null, "object_id": "95", "object_repr": "Rathan", "action_flag": 3, "change_message": ""}}, {"model": "admin.logentry", "pk": 130, "fields": {"action_time": "2021-03-16T14:11:14.482Z", "user": 1, "content_type": null, "object_id": "94", "object_repr": "Rathan", "action_flag": 3, "change_message": ""}}, {"model": "admin.logentry", "pk": 131, "fields": {"action_time": "2021-03-16T14:11:14.487Z", "user": 1, "content_type": null, "object_id": "93", "object_repr": "Rathan", "action_flag": 3, "change_message": ""}}, {"model": "admin.logentry", "pk": 132, "fields": {"action_time": "2021-03-16T14:11:14.491Z", "user": 1, "content_type": null, "object_id": "92", "object_repr": "Rathan", "action_flag": 3, "change_message": ""}}, {"model": "admin.logentry", "pk": 133, "fields": {"action_time": "2021-03-16T14:11:14.494Z", "user": 1, "content_type": null, "object_id": "91", "object_repr": "Rathan", "action_flag": 3, "change_message": ""}}, {"model": "admin.logentry", "pk": 134, "fields": {"action_time": "2021-03-16T14:11:14.500Z", "user": 1, "content_type": null, "object_id": "90", "object_repr": "Rathan", "action_flag": 3, "change_message": ""}}, {"model": "admin.logentry", "pk": 135, "fields": {"action_time": "2021-03-16T14:11:14.504Z", "user": 1, "content_type": null, "object_id": "89", "object_repr": "Rathan", "action_flag": 3, "change_message": ""}}, {"model": "admin.logentry", "pk": 136, "fields": {"action_time": "2021-03-16T14:11:14.508Z", "user": 1, "content_type": null, "object_id": "88", "object_repr": "Rathan", "action_flag": 3, "change_message": ""}}, {"model": "admin.logentry", "pk": 137, "fields": {"action_time": "2021-03-16T14:11:14.512Z", "user": 1, "content_type": null, "object_id": "87", "object_repr": "Rathan", "action_flag": 3, "change_message": ""}}, {"model": "admin.logentry", "pk": 138, "fields": {"action_time": "2021-03-16T14:11:14.519Z", "user": 1, "content_type": null, "object_id": "86", "object_repr": "Rathan", "action_flag": 3, "change_message": ""}}, {"model": "admin.logentry", "pk": 139, "fields": {"action_time": "2021-03-16T14:11:14.521Z", "user": 1, "content_type": null, "object_id": "85", "object_repr": "Rathan", "action_flag": 3, "change_message": ""}}, {"model": "admin.logentry", "pk": 140, "fields": {"action_time": "2021-03-16T14:11:14.525Z", "user": 1, "content_type": null, "object_id": "84", "object_repr": "Rathan", "action_flag": 3, "change_message": ""}}, {"model": "admin.logentry", "pk": 141, "fields": {"action_time": "2021-03-16T14:11:14.528Z", "user": 1, "content_type": null, "object_id": "83", "object_repr": "Rathan", "action_flag": 3, "change_message": ""}}, {"model": "admin.logentry", "pk": 142, "fields": {"action_time": "2021-03-16T14:11:14.534Z", "user": 1, "content_type": null, "object_id": "82", "object_repr": "Rathan", "action_flag": 3, "change_message": ""}}, {"model": "admin.logentry", "pk": 143, "fields": {"action_time": "2021-03-16T14:11:14.537Z", "user": 1, "content_type": null, "object_id": "81", "object_repr": "Rathan", "action_flag": 3, "change_message": ""}}, {"model": "admin.logentry", "pk": 144, "fields": {"action_time": "2021-03-16T14:11:14.541Z", "user": 1, "content_type": null, "object_id": "80", "object_repr": "Rathan", "action_flag": 3, "change_message": ""}}, {"model": "admin.logentry", "pk": 145, "fields": {"action_time": "2021-03-16T14:11:14.545Z", "user": 1, "content_type": null, "object_id": "79", "object_repr": "Rathan", "action_flag": 3, "change_message": ""}}, {"model": "admin.logentry", "pk": 146, "fields": {"action_time": "2021-03-16T14:11:14.552Z", "user": 1, "content_type": null, "object_id": "78", "object_repr": "Rathan", "action_flag": 3, "change_message": ""}}, {"model": "admin.logentry", "pk": 147, "fields": {"action_time": "2021-03-16T14:11:14.556Z", "user": 1, "content_type": null, "object_id": "77", "object_repr": "Rathan", "action_flag": 3, "change_message": ""}}, {"model": "admin.logentry", "pk": 148, "fields": {"action_time": "2021-03-16T14:11:14.559Z", "user": 1, "content_type": null, "object_id": "76", "object_repr": "Rathan", "action_flag": 3, "change_message": ""}}, {"model": "admin.logentry", "pk": 149, "fields": {"action_time": "2021-03-16T14:11:14.563Z", "user": 1, "content_type": null, "object_id": "75", "object_repr": "Rathan", "action_flag": 3, "change_message": ""}}, {"model": "admin.logentry", "pk": 150, "fields": {"action_time": "2021-03-16T14:11:14.566Z", "user": 1, "content_type": null, "object_id": "74", "object_repr": "Rathan", "action_flag": 3, "change_message": ""}}, {"model": "admin.logentry", "pk": 151, "fields": {"action_time": "2021-03-16T14:11:14.570Z", "user": 1, "content_type": null, "object_id": "73", "object_repr": "Rathan", "action_flag": 3, "change_message": ""}}, {"model": "admin.logentry", "pk": 152, "fields": {"action_time": "2021-03-16T14:11:14.573Z", "user": 1, "content_type": null, "object_id": "72", "object_repr": "Rathan", "action_flag": 3, "change_message": ""}}, {"model": "admin.logentry", "pk": 153, "fields": {"action_time": "2021-03-16T14:11:14.576Z", "user": 1, "content_type": null, "object_id": "71", "object_repr": "Rathan", "action_flag": 3, "change_message": ""}}, {"model": "admin.logentry", "pk": 154, "fields": {"action_time": "2021-03-16T14:11:14.589Z", "user": 1, "content_type": null, "object_id": "70", "object_repr": "Rathan", "action_flag": 3, "change_message": ""}}, {"model": "admin.logentry", "pk": 155, "fields": {"action_time": "2021-03-16T14:11:14.594Z", "user": 1, "content_type": null, "object_id": "69", "object_repr": "Rathan", "action_flag": 3, "change_message": ""}}, {"model": "admin.logentry", "pk": 156, "fields": {"action_time": "2021-03-16T14:11:14.598Z", "user": 1, "content_type": null, "object_id": "68", "object_repr": "Rathan", "action_flag": 3, "change_message": ""}}, {"model": "admin.logentry", "pk": 157, "fields": {"action_time": "2021-03-16T14:11:14.600Z", "user": 1, "content_type": null, "object_id": "67", "object_repr": "Rathan", "action_flag": 3, "change_message": ""}}, {"model": "admin.logentry", "pk": 158, "fields": {"action_time": "2021-03-16T14:11:14.603Z", "user": 1, "content_type": null, "object_id": "66", "object_repr": "Rathan", "action_flag": 3, "change_message": ""}}, {"model": "admin.logentry", "pk": 159, "fields": {"action_time": "2021-03-16T14:11:14.606Z", "user": 1, "content_type": null, "object_id": "65", "object_repr": "Rathan", "action_flag": 3, "change_message": ""}}, {"model": "admin.logentry", "pk": 160, "fields": {"action_time": "2021-03-16T14:11:14.608Z", "user": 1, "content_type": null, "object_id": "64", "object_repr": "Rathan", "action_flag": 3, "change_message": ""}}, {"model": "admin.logentry", "pk": 161, "fields": {"action_time": "2021-03-16T14:11:14.618Z", "user": 1, "content_type": null, "object_id": "63", "object_repr": "Rathan", "action_flag": 3, "change_message": ""}}, {"model": "admin.logentry", "pk": 162, "fields": {"action_time": "2021-03-16T14:11:14.623Z", "user": 1, "content_type": null, "object_id": "62", "object_repr": "Rathan", "action_flag": 3, "change_message": ""}}, {"model": "admin.logentry", "pk": 163, "fields": {"action_time": "2021-03-16T14:11:14.625Z", "user": 1, "content_type": null, "object_id": "61", "object_repr": "Rathan", "action_flag": 3, "change_message": ""}}, {"model": "admin.logentry", "pk": 164, "fields": {"action_time": "2021-03-16T14:11:14.629Z", "user": 1, "content_type": null, "object_id": "60", "object_repr": "Rathan", "action_flag": 3, "change_message": ""}}, {"model": "admin.logentry", "pk": 165, "fields": {"action_time": "2021-03-16T14:11:14.636Z", "user": 1, "content_type": null, "object_id": "59", "object_repr": "Rathan", "action_flag": 3, "change_message": ""}}, {"model": "admin.logentry", "pk": 166, "fields": {"action_time": "2021-03-16T14:11:14.639Z", "user": 1, "content_type": null, "object_id": "58", "object_repr": "Rathan", "action_flag": 3, "change_message": ""}}, {"model": "admin.logentry", "pk": 167, "fields": {"action_time": "2021-03-16T14:11:14.643Z", "user": 1, "content_type": null, "object_id": "57", "object_repr": "Rathan", "action_flag": 3, "change_message": ""}}, {"model": "admin.logentry", "pk": 168, "fields": {"action_time": "2021-03-16T14:11:14.649Z", "user": 1, "content_type": null, "object_id": "56", "object_repr": "Rathan", "action_flag": 3, "change_message": ""}}, {"model": "admin.logentry", "pk": 169, "fields": {"action_time": "2021-03-16T14:11:14.654Z", "user": 1, "content_type": null, "object_id": "55", "object_repr": "Rathan", "action_flag": 3, "change_message": ""}}, {"model": "admin.logentry", "pk": 170, "fields": {"action_time": "2021-03-16T14:11:14.657Z", "user": 1, "content_type": null, "object_id": "54", "object_repr": "Rathan", "action_flag": 3, "change_message": ""}}, {"model": "admin.logentry", "pk": 171, "fields": {"action_time": "2021-03-16T14:11:14.660Z", "user": 1, "content_type": null, "object_id": "53", "object_repr": "Rathan", "action_flag": 3, "change_message": ""}}, {"model": "admin.logentry", "pk": 172, "fields": {"action_time": "2021-03-16T14:11:14.664Z", "user": 1, "content_type": null, "object_id": "52", "object_repr": "Rathan", "action_flag": 3, "change_message": ""}}, {"model": "admin.logentry", "pk": 173, "fields": {"action_time": "2021-03-16T14:11:14.668Z", "user": 1, "content_type": null, "object_id": "51", "object_repr": "Rathan", "action_flag": 3, "change_message": ""}}, {"model": "admin.logentry", "pk": 174, "fields": {"action_time": "2021-03-16T14:11:14.672Z", "user": 1, "content_type": null, "object_id": "50", "object_repr": "Rathan", "action_flag": 3, "change_message": ""}}, {"model": "admin.logentry", "pk": 175, "fields": {"action_time": "2021-03-16T14:11:14.675Z", "user": 1, "content_type": null, "object_id": "49", "object_repr": "Rathan", "action_flag": 3, "change_message": ""}}, {"model": "admin.logentry", "pk": 176, "fields": {"action_time": "2021-03-16T14:11:14.678Z", "user": 1, "content_type": null, "object_id": "48", "object_repr": "Rathan", "action_flag": 3, "change_message": ""}}, {"model": "admin.logentry", "pk": 177, "fields": {"action_time": "2021-03-16T14:11:14.684Z", "user": 1, "content_type": null, "object_id": "47", "object_repr": "Rathan", "action_flag": 3, "change_message": ""}}, {"model": "admin.logentry", "pk": 178, "fields": {"action_time": "2021-03-16T14:11:14.687Z", "user": 1, "content_type": null, "object_id": "46", "object_repr": "Rathan", "action_flag": 3, "change_message": ""}}, {"model": "admin.logentry", "pk": 179, "fields": {"action_time": "2021-03-16T14:11:14.690Z", "user": 1, "content_type": null, "object_id": "45", "object_repr": "Rathan", "action_flag": 3, "change_message": ""}}, {"model": "admin.logentry", "pk": 180, "fields": {"action_time": "2021-03-16T14:11:14.693Z", "user": 1, "content_type": null, "object_id": "44", "object_repr": "Rathan", "action_flag": 3, "change_message": ""}}, {"model": "admin.logentry", "pk": 181, "fields": {"action_time": "2021-03-16T14:11:14.696Z", "user": 1, "content_type": null, "object_id": "43", "object_repr": "Rathan", "action_flag": 3, "change_message": ""}}, {"model": "admin.logentry", "pk": 182, "fields": {"action_time": "2021-03-16T14:11:14.699Z", "user": 1, "content_type": null, "object_id": "42", "object_repr": "Rathan", "action_flag": 3, "change_message": ""}}, {"model": "admin.logentry", "pk": 183, "fields": {"action_time": "2021-03-16T14:11:14.701Z", "user": 1, "content_type": null, "object_id": "41", "object_repr": "Rathan", "action_flag": 3, "change_message": ""}}, {"model": "admin.logentry", "pk": 184, "fields": {"action_time": "2021-03-16T14:11:14.703Z", "user": 1, "content_type": null, "object_id": "40", "object_repr": "Rathan", "action_flag": 3, "change_message": ""}}, {"model": "admin.logentry", "pk": 185, "fields": {"action_time": "2021-03-16T14:11:14.706Z", "user": 1, "content_type": null, "object_id": "39", "object_repr": "Rathan", "action_flag": 3, "change_message": ""}}, {"model": "admin.logentry", "pk": 186, "fields": {"action_time": "2021-03-16T14:11:14.708Z", "user": 1, "content_type": null, "object_id": "38", "object_repr": "Rathan", "action_flag": 3, "change_message": ""}}, {"model": "admin.logentry", "pk": 187, "fields": {"action_time": "2021-03-16T14:11:14.715Z", "user": 1, "content_type": null, "object_id": "37", "object_repr": "Rathan", "action_flag": 3, "change_message": ""}}, {"model": "admin.logentry", "pk": 188, "fields": {"action_time": "2021-03-16T14:11:14.720Z", "user": 1, "content_type": null, "object_id": "36", "object_repr": "Rathan", "action_flag": 3, "change_message": ""}}, {"model": "admin.logentry", "pk": 189, "fields": {"action_time": "2021-03-16T14:11:14.725Z", "user": 1, "content_type": null, "object_id": "35", "object_repr": "Rathan", "action_flag": 3, "change_message": ""}}, {"model": "admin.logentry", "pk": 190, "fields": {"action_time": "2021-03-16T14:11:14.730Z", "user": 1, "content_type": null, "object_id": "34", "object_repr": "Rathan", "action_flag": 3, "change_message": ""}}, {"model": "admin.logentry", "pk": 191, "fields": {"action_time": "2021-03-16T14:11:14.736Z", "user": 1, "content_type": null, "object_id": "33", "object_repr": "Rathan", "action_flag": 3, "change_message": ""}}, {"model": "admin.logentry", "pk": 192, "fields": {"action_time": "2021-03-16T14:11:14.740Z", "user": 1, "content_type": null, "object_id": "32", "object_repr": "Rathan", "action_flag": 3, "change_message": ""}}, {"model": "admin.logentry", "pk": 193, "fields": {"action_time": "2021-03-16T14:11:14.743Z", "user": 1, "content_type": null, "object_id": "31", "object_repr": "Insta", "action_flag": 3, "change_message": ""}}, {"model": "admin.logentry", "pk": 194, "fields": {"action_time": "2021-03-16T14:11:14.751Z", "user": 1, "content_type": null, "object_id": "30", "object_repr": "Insta", "action_flag": 3, "change_message": ""}}, {"model": "admin.logentry", "pk": 195, "fields": {"action_time": "2021-03-16T14:11:14.754Z", "user": 1, "content_type": null, "object_id": "29", "object_repr": "Insta", "action_flag": 3, "change_message": ""}}, {"model": "admin.logentry", "pk": 196, "fields": {"action_time": "2021-03-16T14:11:14.757Z", "user": 1, "content_type": null, "object_id": "28", "object_repr": "Insta", "action_flag": 3, "change_message": ""}}, {"model": "admin.logentry", "pk": 197, "fields": {"action_time": "2021-03-16T14:11:14.761Z", "user": 1, "content_type": null, "object_id": "27", "object_repr": "Insta", "action_flag": 3, "change_message": ""}}, {"model": "admin.logentry", "pk": 198, "fields": {"action_time": "2021-03-16T14:11:14.769Z", "user": 1, "content_type": null, "object_id": "26", "object_repr": "Insta", "action_flag": 3, "change_message": ""}}, {"model": "admin.logentry", "pk": 199, "fields": {"action_time": "2021-03-16T14:11:14.772Z", "user": 1, "content_type": null, "object_id": "25", "object_repr": "Insta", "action_flag": 3, "change_message": ""}}, {"model": "admin.logentry", "pk": 200, "fields": {"action_time": "2021-03-16T14:11:14.776Z", "user": 1, "content_type": null, "object_id": "24", "object_repr": "Insta", "action_flag": 3, "change_message": ""}}, {"model": "admin.logentry", "pk": 201, "fields": {"action_time": "2021-03-16T14:11:14.782Z", "user": 1, "content_type": null, "object_id": "23", "object_repr": "Insta", "action_flag": 3, "change_message": ""}}, {"model": "admin.logentry", "pk": 202, "fields": {"action_time": "2021-03-16T14:11:14.788Z", "user": 1, "content_type": null, "object_id": "22", "object_repr": "Rathan", "action_flag": 3, "change_message": ""}}, {"model": "admin.logentry", "pk": 203, "fields": {"action_time": "2021-03-16T14:11:14.791Z", "user": 1, "content_type": null, "object_id": "21", "object_repr": "Rathan", "action_flag": 3, "change_message": ""}}, {"model": "admin.logentry", "pk": 204, "fields": {"action_time": "2021-03-16T14:11:14.796Z", "user": 1, "content_type": null, "object_id": "20", "object_repr": "Rathan", "action_flag": 3, "change_message": ""}}, {"model": "admin.logentry", "pk": 205, "fields": {"action_time": "2021-03-16T14:11:14.802Z", "user": 1, "content_type": null, "object_id": "19", "object_repr": "Rathan", "action_flag": 3, "change_message": ""}}, {"model": "admin.logentry", "pk": 206, "fields": {"action_time": "2021-03-16T14:11:14.805Z", "user": 1, "content_type": null, "object_id": "18", "object_repr": "Rathan", "action_flag": 3, "change_message": ""}}, {"model": "admin.logentry", "pk": 207, "fields": {"action_time": "2021-03-16T14:11:14.808Z", "user": 1, "content_type": null, "object_id": "17", "object_repr": "Rathan", "action_flag": 3, "change_message": ""}}, {"model": "admin.logentry", "pk": 208, "fields": {"action_time": "2021-03-16T14:11:14.812Z", "user": 1, "content_type": null, "object_id": "16", "object_repr": "Rathan", "action_flag": 3, "change_message": ""}}, {"model": "admin.logentry", "pk": 209, "fields": {"action_time": "2021-03-16T14:11:14.818Z", "user": 1, "content_type": null, "object_id": "15", "object_repr": "Rathan", "action_flag": 3, "change_message": ""}}, {"model": "admin.logentry", "pk": 210, "fields": {"action_time": "2021-03-16T14:11:14.821Z", "user": 1, "content_type": null, "object_id": "14", "object_repr": "Rathan", "action_flag": 3, "change_message": ""}}, {"model": "admin.logentry", "pk": 211, "fields": {"action_time": "2021-03-16T14:11:14.824Z", "user": 1, "content_type": null, "object_id": "13", "object_repr": "Rathan", "action_flag": 3, "change_message": ""}}, {"model": "admin.logentry", "pk": 212, "fields": {"action_time": "2021-03-16T14:11:14.827Z", "user": 1, "content_type": null, "object_id": "12", "object_repr": "Rathan", "action_flag": 3, "change_message": ""}}, {"model": "admin.logentry", "pk": 213, "fields": {"action_time": "2021-03-16T14:11:14.833Z", "user": 1, "content_type": null, "object_id": "11", "object_repr": "Rathan", "action_flag": 3, "change_message": ""}}, {"model": "admin.logentry", "pk": 214, "fields": {"action_time": "2021-03-16T14:11:14.836Z", "user": 1, "content_type": null, "object_id": "10", "object_repr": "Rathan", "action_flag": 3, "change_message": ""}}, {"model": "admin.logentry", "pk": 215, "fields": {"action_time": "2021-03-16T14:11:14.839Z", "user": 1, "content_type": null, "object_id": "9", "object_repr": "Rathan", "action_flag": 3, "change_message": ""}}, {"model": "admin.logentry", "pk": 216, "fields": {"action_time": "2021-03-16T14:11:14.843Z", "user": 1, "content_type": null, "object_id": "8", "object_repr": "Rathan", "action_flag": 3, "change_message": ""}}, {"model": "admin.logentry", "pk": 217, "fields": {"action_time": "2021-03-16T14:11:14.847Z", "user": 1, "content_type": null, "object_id": "7", "object_repr": "Rathan", "action_flag": 3, "change_message": ""}}, {"model": "admin.logentry", "pk": 218, "fields": {"action_time": "2021-03-16T14:11:14.852Z", "user": 1, "content_type": null, "object_id": "6", "object_repr": "Rathan", "action_flag": 3, "change_message": ""}}, {"model": "admin.logentry", "pk": 219, "fields": {"action_time": "2021-03-16T14:11:14.855Z", "user": 1, "content_type": null, "object_id": "5", "object_repr": "Rathan", "action_flag": 3, "change_message": ""}}, {"model": "admin.logentry", "pk": 220, "fields": {"action_time": "2021-03-16T14:11:14.857Z", "user": 1, "content_type": null, "object_id": "4", "object_repr": "Rathan", "action_flag": 3, "change_message": ""}}, {"model": "admin.logentry", "pk": 221, "fields": {"action_time": "2021-03-16T14:11:14.860Z", "user": 1, "content_type": null, "object_id": "2", "object_repr": "Rathan", "action_flag": 3, "change_message": ""}}, {"model": "admin.logentry", "pk": 222, "fields": {"action_time": "2021-03-16T14:11:14.865Z", "user": 1, "content_type": null, "object_id": "1", "object_repr": "Rathan", "action_flag": 3, "change_message": ""}}, {"model": "admin.logentry", "pk": 223, "fields": {"action_time": "2021-03-16T14:22:04.797Z", "user": 1, "content_type": null, "object_id": "2", "object_repr": "Test email from mae rugs", "action_flag": 1, "change_message": "[{\"added\": {}}]"}}, {"model": "admin.logentry", "pk": 224, "fields": {"action_time": "2021-03-16T14:34:22.894Z", "user": 1, "content_type": null, "object_id": "1", "object_repr": "This is a nice pant", "action_flag": 2, "change_message": "[{\"changed\": {\"fields\": [\"Rating\"]}}]"}}, {"model": "admin.logentry", "pk": 225, "fields": {"action_time": "2021-03-16T14:34:54.732Z", "user": 1, "content_type": null, "object_id": "1", "object_repr": "This is a nice pant", "action_flag": 2, "change_message": "[{\"changed\": {\"fields\": [\"Rating\"]}}]"}}, {"model": "admin.logentry", "pk": 226, "fields": {"action_time": "2021-03-16T14:35:18.090Z", "user": 1, "content_type": null, "object_id": "1", "object_repr": "This is a nice pant", "action_flag": 2, "change_message": "[{\"changed\": {\"fields\": [\"Rating\"]}}]"}}, {"model": "admin.logentry", "pk": 227, "fields": {"action_time": "2021-03-16T14:36:27.864Z", "user": 1, "content_type": null, "object_id": "1", "object_repr": "This is a nice pant", "action_flag": 2, "change_message": "[{\"changed\": {\"fields\": [\"Rating\"]}}]"}}, {"model": "admin.logentry", "pk": 228, "fields": {"action_time": "2021-03-16T14:37:35.525Z", "user": 1, "content_type": null, "object_id": "1", "object_repr": "This is a nice pant", "action_flag": 2, "change_message": "[{\"changed\": {\"fields\": [\"Rating\"]}}]"}}, {"model": "admin.logentry", "pk": 229, "fields": {"action_time": "2021-03-16T14:37:47.574Z", "user": 1, "content_type": null, "object_id": "1", "object_repr": "This is a nice pant", "action_flag": 2, "change_message": "[{\"changed\": {\"fields\": [\"Rating\"]}}]"}}, {"model": "admin.logentry", "pk": 230, "fields": {"action_time": "2021-03-16T14:38:22.575Z", "user": 1, "content_type": null, "object_id": "2", "object_repr": "Test email from mae rugs", "action_flag": 2, "change_message": "[{\"changed\": {\"fields\": [\"Rating\"]}}]"}}, {"model": "admin.logentry", "pk": 231, "fields": {"action_time": "2021-03-16T15:04:00.345Z", "user": 1, "content_type": null, "object_id": "1", "object_repr": "This is a nice pant", "action_flag": 2, "change_message": "[{\"changed\": {\"fields\": [\"Rating\"]}}]"}}, {"model": "admin.logentry", "pk": 232, "fields": {"action_time": "2021-03-16T15:04:10.990Z", "user": 1, "content_type": null, "object_id": "1", "object_repr": "This is a nice pant", "action_flag": 2, "change_message": "[{\"changed\": {\"fields\": [\"Rating\"]}}]"}}, {"model": "admin.logentry", "pk": 233, "fields": {"action_time": "2021-03-16T15:13:45.648Z", "user": 1, "content_type": null, "object_id": "1", "object_repr": "This is a nice pant", "action_flag": 2, "change_message": "[{\"changed\": {\"fields\": [\"Rating\"]}}]"}}, {"model": "admin.logentry", "pk": 234, "fields": {"action_time": "2021-03-16T15:21:57.490Z", "user": 1, "content_type": null, "object_id": "1", "object_repr": "This is a nice pant", "action_flag": 2, "change_message": "[{\"changed\": {\"fields\": [\"Rating\"]}}]"}}, {"model": "admin.logentry", "pk": 235, "fields": {"action_time": "2021-03-16T15:22:04.215Z", "user": 1, "content_type": null, "object_id": "2", "object_repr": "Test email from mae rugs", "action_flag": 2, "change_message": "[{\"changed\": {\"fields\": [\"Rating\"]}}]"}}, {"model": "admin.logentry", "pk": 236, "fields": {"action_time": "2021-03-16T15:22:30.826Z", "user": 1, "content_type": null, "object_id": "2", "object_repr": "Test email from mae rugs", "action_flag": 2, "change_message": "[{\"changed\": {\"fields\": [\"Rating\"]}}]"}}, {"model": "admin.logentry", "pk": 237, "fields": {"action_time": "2021-03-16T20:53:23.205Z", "user": 1, "content_type": null, "object_id": "1", "object_repr": "Rathan", "action_flag": 1, "change_message": "[{\"added\": {}}]"}}, {"model": "admin.logentry", "pk": 238, "fields": {"action_time": "2021-03-17T22:29:46.545Z", "user": 1, "content_type": null, "object_id": "2", "object_repr": "Test email from mae rugs", "action_flag": 3, "change_message": ""}}, {"model": "admin.logentry", "pk": 239, "fields": {"action_time": "2021-03-17T22:34:55.624Z", "user": 1, "content_type": null, "object_id": "3", "object_repr": "Test email from mae rugs", "action_flag": 1, "change_message": "[{\"added\": {}}]"}}, {"model": "admin.logentry", "pk": 240, "fields": {"action_time": "2021-03-17T22:43:12.892Z", "user": 1, "content_type": null, "object_id": "2", "object_repr": "Rathan", "action_flag": 3, "change_message": ""}}, {"model": "admin.logentry", "pk": 241, "fields": {"action_time": "2021-03-17T22:43:23.043Z", "user": 1, "content_type": null, "object_id": "3", "object_repr": "Test email from mae rugs", "action_flag": 3, "change_message": ""}}, {"model": "admin.logentry", "pk": 242, "fields": {"action_time": "2021-03-17T22:44:43.211Z", "user": 1, "content_type": null, "object_id": "2", "object_repr": "john.doe@gmail.com", "action_flag": 2, "change_message": "[{\"changed\": {\"fields\": [\"Is active\"]}}]"}}, {"model": "admin.logentry", "pk": 243, "fields": {"action_time": "2021-03-17T22:45:24.592Z", "user": 1, "content_type": null, "object_id": "3", "object_repr": "John", "action_flag": 1, "change_message": "[{\"added\": {}}]"}}, {"model": "admin.logentry", "pk": 244, "fields": {"action_time": "2021-03-17T22:48:24.015Z", "user": 1, "content_type": null, "object_id": "4", "object_repr": "Very nice product", "action_flag": 1, "change_message": "[{\"added\": {}}]"}}, {"model": "admin.logentry", "pk": 245, "fields": {"action_time": "2021-03-17T22:49:49.714Z", "user": 1, "content_type": null, "object_id": "16", "object_repr": "rathan.kumar492@gmail.com", "action_flag": 2, "change_message": "[{\"changed\": {\"fields\": [\"First name\", \"Last name\"]}}]"}}, {"model": "admin.logentry", "pk": 246, "fields": {"action_time": "2021-03-17T22:53:03.027Z", "user": 1, "content_type": null, "object_id": "16", "object_repr": "rathan.kumar492@gmail.com", "action_flag": 2, "change_message": "[{\"changed\": {\"fields\": [\"First name\"]}}]"}}, {"model": "admin.logentry", "pk": 247, "fields": {"action_time": "2021-03-17T22:56:27.581Z", "user": 1, "content_type": null, "object_id": "4", "object_repr": "Very nice product", "action_flag": 3, "change_message": ""}}, {"model": "admin.logentry", "pk": 248, "fields": {"action_time": "2021-03-17T22:56:33.980Z", "user": 1, "content_type": null, "object_id": "3", "object_repr": "John", "action_flag": 3, "change_message": ""}}, {"model": "admin.logentry", "pk": 249, "fields": {"action_time": "2021-03-17T23:08:18.360Z", "user": 1, "content_type": null, "object_id": "4", "object_repr": "John", "action_flag": 1, "change_message": "[{\"added\": {}}]"}}, {"model": "admin.logentry", "pk": 250, "fields": {"action_time": "2021-03-17T23:08:38.165Z", "user": 1, "content_type": null, "object_id": "5", "object_repr": "Test email from mae rugs", "action_flag": 1, "change_message": "[{\"added\": {}}]"}}, {"model": "admin.logentry", "pk": 251, "fields": {"action_time": "2021-03-17T23:09:02.310Z", "user": 1, "content_type": null, "object_id": "4", "object_repr": "John", "action_flag": 2, "change_message": "[{\"changed\": {\"fields\": [\"Profile picture\"]}}]"}}, {"model": "admin.logentry", "pk": 252, "fields": {"action_time": "2021-03-18T19:07:44.254Z", "user": 1, "content_type": null, "object_id": "1", "object_repr": "ATX Jeans", "action_flag": 2, "change_message": "[{\"added\": {\"name\": \"productgallery\", \"object\": \"ATX Jeans\"}}]"}}, {"model": "admin.logentry", "pk": 253, "fields": {"action_time": "2021-03-18T19:11:24.358Z", "user": 1, "content_type": null, "object_id": "1", "object_repr": "ATX Jeans", "action_flag": 2, "change_message": "[{\"added\": {\"name\": \"productgallery\", \"object\": \"ATX Jeans\"}}]"}}, {"model": "admin.logentry", "pk": 254, "fields": {"action_time": "2021-03-18T19:13:24.788Z", "user": 1, "content_type": null, "object_id": "1", "object_repr": "ATX Jeans", "action_flag": 2, "change_message": "[{\"added\": {\"name\": \"productgallery\", \"object\": \"ATX Jeans\"}}, {\"changed\": {\"name\": \"productgallery\", \"object\": \"ATX Jeans\", \"fields\": [\"Image\"]}}, {\"changed\": {\"name\": \"productgallery\", \"object\": \"ATX Jeans\", \"fields\": [\"Image\"]}}]"}}, {"model": "admin.logentry", "pk": 255, "fields": {"action_time": "2021-03-20T14:03:34.904Z", "user": 1, "content_type": null, "object_id": "5", "object_repr": "I loved this product", "action_flag": 2, "change_message": "[{\"changed\": {\"fields\": [\"Subject\", \"Review\"]}}]"}}, {"model": "admin.logentry", "pk": 256, "fields": {"action_time": "2021-03-20T14:03:49.263Z", "user": 1, "content_type": null, "object_id": "5", "object_repr": "Above & Beyond", "action_flag": 2, "change_message": "[{\"changed\": {\"fields\": [\"Subject\"]}}]"}}, {"model": "admin.logentry", "pk": 257, "fields": {"action_time": "2021-03-20T14:06:40.883Z", "user": 1, "content_type": null, "object_id": "1", "object_repr": "Very nice product, a packaging could be little more better", "action_flag": 2, "change_message": "[{\"changed\": {\"fields\": [\"Subject\", \"Review\", \"Rating\"]}}]"}}, {"model": "admin.logentry", "pk": 258, "fields": {"action_time": "2021-03-20T14:07:50.345Z", "user": 1, "content_type": null, "object_id": "7", "object_repr": "joe.arugu@gmail.com", "action_flag": 2, "change_message": "[{\"changed\": {\"fields\": [\"First name\", \"Last name\", \"Username\", \"Email\", \"Is active\"]}}]"}}, {"model": "admin.logentry", "pk": 259, "fields": {"action_time": "2021-03-20T14:13:16.360Z", "user": 1, "content_type": null, "object_id": "6", "object_repr": "Phenomenal", "action_flag": 1, "change_message": "[{\"added\": {}}]"}}, {"model": "admin.logentry", "pk": 260, "fields": {"action_time": "2021-03-20T14:14:19.002Z", "user": 1, "content_type": null, "object_id": "6", "object_repr": "Phenomenal", "action_flag": 2, "change_message": "[{\"changed\": {\"fields\": [\"Review\"]}}]"}}, {"model": "admin.logentry", "pk": 261, "fields": {"action_time": "2021-03-20T14:24:24.018Z", "user": 1, "content_type": null, "object_id": "10", "object_repr": "Red", "action_flag": 1, "change_message": "[{\"added\": {}}]"}}, {"model": "admin.logentry", "pk": 262, "fields": {"action_time": "2021-03-20T14:24:33.393Z", "user": 1, "content_type": null, "object_id": "11", "object_repr": "Small", "action_flag": 1, "change_message": "[{\"added\": {}}]"}}, {"model": "admin.logentry", "pk": 263, "fields": {"action_time": "2021-03-20T14:25:00.868Z", "user": 1, "content_type": null, "object_id": "12", "object_repr": "Black", "action_flag": 1, "change_message": "[{\"added\": {}}]"}}, {"model": "admin.logentry", "pk": 264, "fields": {"action_time": "2021-03-20T14:25:11.063Z", "user": 1, "content_type": null, "object_id": "13", "object_repr": "9", "action_flag": 1, "change_message": "[{\"added\": {}}]"}}, {"model": "admin.logentry", "pk": 265, "fields": {"action_time": "2021-03-20T14:25:37.242Z", "user": 1, "content_type": null, "object_id": "14", "object_repr": "Red", "action_flag": 1, "change_message": "[{\"added\": {}}]"}}, {"model": "admin.logentry", "pk": 266, "fields": {"action_time": "2021-03-20T14:25:49.524Z", "user": 1, "content_type": null, "object_id": "15", "object_repr": "10", "action_flag": 1, "change_message": "[{\"added\": {}}]"}}, {"model": "admin.logentry", "pk": 267, "fields": {"action_time": "2021-03-20T14:26:25.360Z", "user": 1, "content_type": null, "object_id": "16", "object_repr": "Blue", "action_flag": 1, "change_message": "[{\"added\": {}}]"}}, {"model": "admin.logentry", "pk": 268, "fields": {"action_time": "2021-03-21T18:26:53.956Z", "user": 1, "content_type": 19, "object_id": "1", "object_repr": "ATX Jeans", "action_flag": 2, "change_message": "[{\"changed\": {\"fields\": [\"Images\"]}}]"}}, {"model": "admin.logentry", "pk": 269, "fields": {"action_time": "2021-03-21T18:40:37.678Z", "user": 1, "content_type": 19, "object_id": "1", "object_repr": "ATX Jeans", "action_flag": 2, "change_message": "[{\"changed\": {\"fields\": [\"Images\"]}}, {\"changed\": {\"name\": \"productgallery\", \"object\": \"ATX Jeans\", \"fields\": [\"Image\"]}}, {\"changed\": {\"name\": \"productgallery\", \"object\": \"ATX Jeans\", \"fields\": [\"Image\"]}}, {\"changed\": {\"name\": \"productgallery\", \"object\": \"ATX Jeans\", \"fields\": [\"Image\"]}}]"}}, {"model": "admin.logentry", "pk": 270, "fields": {"action_time": "2021-03-24T22:57:42.882Z", "user": 1, "content_type": 19, "object_id": "1", "object_repr": "ATX Jeans", "action_flag": 2, "change_message": "[{\"changed\": {\"fields\": [\"Images\"]}}, {\"changed\": {\"name\": \"productgallery\", \"object\": \"ATX Jeans\", \"fields\": [\"Image\"]}}, {\"changed\": {\"name\": \"productgallery\", \"object\": \"ATX Jeans\", \"fields\": [\"Image\"]}}, {\"changed\": {\"name\": \"productgallery\", \"object\": \"ATX Jeans\", \"fields\": [\"Image\"]}}]"}}, {"model": "auth.permission", "pk": 73, "fields": {"name": "Can add log entry", "content_type": 23, "codename": "add_logentry"}}, {"model": "auth.permission", "pk": 74, "fields": {"name": "Can change log entry", "content_type": 23, "codename": "change_logentry"}}, {"model": "auth.permission", "pk": 75, "fields": {"name": "Can delete log entry", "content_type": 23, "codename": "delete_logentry"}}, {"model": "auth.permission", "pk": 76, "fields": {"name": "Can view log entry", "content_type": 23, "codename": "view_logentry"}}, {"model": "auth.permission", "pk": 77, "fields": {"name": "Can add permission", "content_type": 24, "codename": "add_permission"}}, {"model": "auth.permission", "pk": 78, "fields": {"name": "Can change permission", "content_type": 24, "codename": "change_permission"}}, {"model": "auth.permission", "pk": 79, "fields": {"name": "Can delete permission", "content_type": 24, "codename": "delete_permission"}}, {"model": "auth.permission", "pk": 80, "fields": {"name": "Can view permission", "content_type": 24, "codename": "view_permission"}}, {"model": "auth.permission", "pk": 81, "fields": {"name": "Can add group", "content_type": 25, "codename": "add_group"}}, {"model": "auth.permission", "pk": 82, "fields": {"name": "Can change group", "content_type": 25, "codename": "change_group"}}, {"model": "auth.permission", "pk": 83, "fields": {"name": "Can delete group", "content_type": 25, "codename": "delete_group"}}, {"model": "auth.permission", "pk": 84, "fields": {"name": "Can view group", "content_type": 25, "codename": "view_group"}}, {"model": "auth.permission", "pk": 85, "fields": {"name": "Can add content type", "content_type": 26, "codename": "add_contenttype"}}, {"model": "auth.permission", "pk": 86, "fields": {"name": "Can change content type", "content_type": 26, "codename": "change_contenttype"}}, {"model": "auth.permission", "pk": 87, "fields": {"name": "Can delete content type", "content_type": 26, "codename": "delete_contenttype"}}, {"model": "auth.permission", "pk": 88, "fields": {"name": "Can view content type", "content_type": 26, "codename": "view_contenttype"}}, {"model": "auth.permission", "pk": 89, "fields": {"name": "Can add session", "content_type": 27, "codename": "add_session"}}, {"model": "auth.permission", "pk": 90, "fields": {"name": "Can change session", "content_type": 27, "codename": "change_session"}}, {"model": "auth.permission", "pk": 91, "fields": {"name": "Can delete session", "content_type": 27, "codename": "delete_session"}}, {"model": "auth.permission", "pk": 92, "fields": {"name": "Can view session", "content_type": 27, "codename": "view_session"}}, {"model": "auth.permission", "pk": 93, "fields": {"name": "Can add category", "content_type": 28, "codename": "add_category"}}, {"model": "auth.permission", "pk": 94, "fields": {"name": "Can change category", "content_type": 28, "codename": "change_category"}}, {"model": "auth.permission", "pk": 95, "fields": {"name": "Can delete category", "content_type": 28, "codename": "delete_category"}}, {"model": "auth.permission", "pk": 96, "fields": {"name": "Can view category", "content_type": 28, "codename": "view_category"}}, {"model": "auth.permission", "pk": 97, "fields": {"name": "Can add account", "content_type": 20, "codename": "add_account"}}, {"model": "auth.permission", "pk": 98, "fields": {"name": "Can change account", "content_type": 20, "codename": "change_account"}}, {"model": "auth.permission", "pk": 99, "fields": {"name": "Can delete account", "content_type": 20, "codename": "delete_account"}}, {"model": "auth.permission", "pk": 100, "fields": {"name": "Can view account", "content_type": 20, "codename": "view_account"}}, {"model": "auth.permission", "pk": 101, "fields": {"name": "Can add user profile", "content_type": 21, "codename": "add_userprofile"}}, {"model": "auth.permission", "pk": 102, "fields": {"name": "Can change user profile", "content_type": 21, "codename": "change_userprofile"}}, {"model": "auth.permission", "pk": 103, "fields": {"name": "Can delete user profile", "content_type": 21, "codename": "delete_userprofile"}}, {"model": "auth.permission", "pk": 104, "fields": {"name": "Can view user profile", "content_type": 21, "codename": "view_userprofile"}}, {"model": "auth.permission", "pk": 105, "fields": {"name": "Can add product", "content_type": 19, "codename": "add_product"}}, {"model": "auth.permission", "pk": 106, "fields": {"name": "Can change product", "content_type": 19, "codename": "change_product"}}, {"model": "auth.permission", "pk": 107, "fields": {"name": "Can delete product", "content_type": 19, "codename": "delete_product"}}, {"model": "auth.permission", "pk": 108, "fields": {"name": "Can view product", "content_type": 19, "codename": "view_product"}}, {"model": "auth.permission", "pk": 109, "fields": {"name": "Can add variation", "content_type": 29, "codename": "add_variation"}}, {"model": "auth.permission", "pk": 110, "fields": {"name": "Can change variation", "content_type": 29, "codename": "change_variation"}}, {"model": "auth.permission", "pk": 111, "fields": {"name": "Can delete variation", "content_type": 29, "codename": "delete_variation"}}, {"model": "auth.permission", "pk": 112, "fields": {"name": "Can view variation", "content_type": 29, "codename": "view_variation"}}, {"model": "auth.permission", "pk": 113, "fields": {"name": "Can add review rating", "content_type": 30, "codename": "add_reviewrating"}}, {"model": "auth.permission", "pk": 114, "fields": {"name": "Can change review rating", "content_type": 30, "codename": "change_reviewrating"}}, {"model": "auth.permission", "pk": 115, "fields": {"name": "Can delete review rating", "content_type": 30, "codename": "delete_reviewrating"}}, {"model": "auth.permission", "pk": 116, "fields": {"name": "Can view review rating", "content_type": 30, "codename": "view_reviewrating"}}, {"model": "auth.permission", "pk": 117, "fields": {"name": "Can add productgallery", "content_type": 31, "codename": "add_productgallery"}}, {"model": "auth.permission", "pk": 118, "fields": {"name": "Can change productgallery", "content_type": 31, "codename": "change_productgallery"}}, {"model": "auth.permission", "pk": 119, "fields": {"name": "Can delete productgallery", "content_type": 31, "codename": "delete_productgallery"}}, {"model": "auth.permission", "pk": 120, "fields": {"name": "Can view productgallery", "content_type": 31, "codename": "view_productgallery"}}, {"model": "auth.permission", "pk": 121, "fields": {"name": "Can add cart", "content_type": 32, "codename": "add_cart"}}, {"model": "auth.permission", "pk": 122, "fields": {"name": "Can change cart", "content_type": 32, "codename": "change_cart"}}, {"model": "auth.permission", "pk": 123, "fields": {"name": "Can delete cart", "content_type": 32, "codename": "delete_cart"}}, {"model": "auth.permission", "pk": 124, "fields": {"name": "Can view cart", "content_type": 32, "codename": "view_cart"}}, {"model": "auth.permission", "pk": 125, "fields": {"name": "Can add cart item", "content_type": 33, "codename": "add_cartitem"}}, {"model": "auth.permission", "pk": 126, "fields": {"name": "Can change cart item", "content_type": 33, "codename": "change_cartitem"}}, {"model": "auth.permission", "pk": 127, "fields": {"name": "Can delete cart item", "content_type": 33, "codename": "delete_cartitem"}}, {"model": "auth.permission", "pk": 128, "fields": {"name": "Can view cart item", "content_type": 33, "codename": "view_cartitem"}}, {"model": "auth.permission", "pk": 129, "fields": {"name": "Can add order", "content_type": 22, "codename": "add_order"}}, {"model": "auth.permission", "pk": 130, "fields": {"name": "Can change order", "content_type": 22, "codename": "change_order"}}, {"model": "auth.permission", "pk": 131, "fields": {"name": "Can delete order", "content_type": 22, "codename": "delete_order"}}, {"model": "auth.permission", "pk": 132, "fields": {"name": "Can view order", "content_type": 22, "codename": "view_order"}}, {"model": "auth.permission", "pk": 133, "fields": {"name": "Can add payment", "content_type": 34, "codename": "add_payment"}}, {"model": "auth.permission", "pk": 134, "fields": {"name": "Can change payment", "content_type": 34, "codename": "change_payment"}}, {"model": "auth.permission", "pk": 135, "fields": {"name": "Can delete payment", "content_type": 34, "codename": "delete_payment"}}, {"model": "auth.permission", "pk": 136, "fields": {"name": "Can view payment", "content_type": 34, "codename": "view_payment"}}, {"model": "auth.permission", "pk": 137, "fields": {"name": "Can add order product", "content_type": 35, "codename": "add_orderproduct"}}, {"model": "auth.permission", "pk": 138, "fields": {"name": "Can change order product", "content_type": 35, "codename": "change_orderproduct"}}, {"model": "auth.permission", "pk": 139, "fields": {"name": "Can delete order product", "content_type": 35, "codename": "delete_orderproduct"}}, {"model": "auth.permission", "pk": 140, "fields": {"name": "Can view order product", "content_type": 35, "codename": "view_orderproduct"}}, {"model": "auth.permission", "pk": 141, "fields": {"name": "Can add login attempt", "content_type": 36, "codename": "add_loginattempt"}}, {"model": "auth.permission", "pk": 142, "fields": {"name": "Can change login attempt", "content_type": 36, "codename": "change_loginattempt"}}, {"model": "auth.permission", "pk": 143, "fields": {"name": "Can delete login attempt", "content_type": 36, "codename": "delete_loginattempt"}}, {"model": "auth.permission", "pk": 144, "fields": {"name": "Can view login attempt", "content_type": 36, "codename": "view_loginattempt"}}, {"model": "contenttypes.contenttype", "pk": 19, "fields": {"app_label": "store", "model": "product"}}, {"model": "contenttypes.contenttype", "pk": 20, "fields": {"app_label": "accounts", "model": "account"}}, {"model": "contenttypes.contenttype", "pk": 21, "fields": {"app_label": "accounts", "model": "userprofile"}}, {"model": "contenttypes.contenttype", "pk": 22, "fields": {"app_label": "orders", "model": "order"}}, {"model": "contenttypes.contenttype", "pk": 23, "fields": {"app_label": "admin", "model": "logentry"}}, {"model": "contenttypes.contenttype", "pk": 24, "fields": {"app_label": "auth", "model": "permission"}}, {"model": "contenttypes.contenttype", "pk": 25, "fields": {"app_label": "auth", "model": "group"}}, {"model": "contenttypes.contenttype", "pk": 26, "fields": {"app_label": "contenttypes", "model": "contenttype"}}, {"model": "contenttypes.contenttype", "pk": 27, "fields": {"app_label": "sessions", "model": "session"}}, {"model": "contenttypes.contenttype", "pk": 28, "fields": {"app_label": "category", "model": "category"}}, {"model": "contenttypes.contenttype", "pk": 29, "fields": {"app_label": "store", "model": "variation"}}, {"model": "contenttypes.contenttype", "pk": 30, "fields": {"app_label": "store", "model": "reviewrating"}}, {"model": "contenttypes.contenttype", "pk": 31, "fields": {"app_label": "store", "model": "productgallery"}}, {"model": "contenttypes.contenttype", "pk": 32, "fields": {"app_label": "carts", "model": "cart"}}, {"model": "contenttypes.contenttype", "pk": 33, "fields": {"app_label": "carts", "model": "cartitem"}}, {"model": "contenttypes.contenttype", "pk": 34, "fields": {"app_label": "orders", "model": "payment"}}, {"model": "contenttypes.contenttype", "pk": 35, "fields": {"app_label": "orders", "model": "orderproduct"}}, {"model": "contenttypes.contenttype", "pk": 36, "fields": {"app_label": "admin_honeypot", "model": "loginattempt"}}, {"model": "sessions.session", "pk": "1nedprxhflnm0jzo8gs7a31r6u71i83n", "fields": {"session_data": ".eJxVjDsOwjAQBe_iGlm2_IWSnjNYa-8uDiBHipMKcXdiKQW0M_PeWyTY1pq2TkuaUFyEFqdflqE8qQ2BD2j3WZa5rcuU5UjkYbu8zUiv69H-HVTodawjZ4XMZ22IbQAKHDAEtMZHpclbV-LOELIDKOTc3ir0rIwCjxbF5wsYMjlh:1kUTr1:XhmExeymVyxkeVApCGqYxc0mFwyg305pmfjP7dx-lVA", "expire_date": "2020-11-02T12:01:31.058Z"}}, {"model": "sessions.session", "pk": "2736071up6ym3wr7hddmbi8n3sfaqxxz", "fields": {"session_data": ".eJxVjEEOwiAQRe_C2hBm6Ii6dN8zkIEBqRpISrsy3l2bdKHb_977L-V5XYpfe5r9JOqi4KgOv2Pg-Eh1I3Lnems6trrMU9Cbonfa9dgkPa-7-3dQuJdvTQKWLGakYI2QYXAg0bgcmQCYspwdDikESAZMhBMCShC0GK0MTtT7A_fAN88:1lMfTC:0MR-GMoB8_IV86vei2ZLSn2rdvUnW3rAft7BC4qgB2Q", "expire_date": "2021-03-31T23:20:54.214Z"}}, {"model": "sessions.session", "pk": "2zoj8hns4kv9d045tpzboa50xdi1t7hf", "fields": {"session_data": ".eJxVjDsOwjAQBe_iGlm2_IWSnjNYa-8uDiBHipMKcXdiKQW0M_PeWyTY1pq2TkuaUFyEFqdflqE8qQ2BD2j3WZa5rcuU5UjkYbu8zUiv69H-HVTodawjZ4XMZ22IbQAKHDAEtMZHpclbV-LOELIDKOTc3ir0rIwCjxbF5wsYMjlh:1lMxwH:ZPpHUfHkihwMNNFx-AhQUUE5yeG1h3zguk4-FdRyPmc", "expire_date": "2021-04-01T19:04:09.902Z"}}, {"model": "sessions.session", "pk": "4bcjycig9vetwj9vy1j4ch9q5gzc6f4o", "fields": {"session_data": "e30:1lNm8O:b7RWyEwWWTCpiubfungk9K-a0lZSWEomziQKI9VDk2c", "expire_date": "2021-04-04T00:40:00.062Z"}}, {"model": "sessions.session", "pk": "6b0c2x5vu2bi8zpq7phrt12ox8vzaltt", "fields": {"session_data": ".eJxVjDsOwyAQRO9CHSF-BpMyvc-AWHYJTiKQjF1FuXtsyUVSzrw382YhbmsJW6clzMiuTFp2-S0hpifVg-Aj1nvjqdV1mYEfCj9p51NDet1O9--gxF72NWmRSRGCG5URQBFRg1B-xATa-QEGQzo7zEIYiB4S7slqlFlIQGXZ5ws0gjkX:1lJcdq:r-jQHhGx0Fe4pXPghPzfvF77tSC0JgpKs3Wcn0YxM1c", "expire_date": "2021-03-23T13:43:18.570Z"}}, {"model": "sessions.session", "pk": "6fmzap0ywoef3vtwpnbxsnc2jl6in38w", "fields": {"session_data": ".eJxVjDsOwjAQBe_iGlm2_IWSnjNYa-8uDiBHipMKcXdiKQW0M_PeWyTY1pq2TkuaUFyEFqdflqE8qQ2BD2j3WZa5rcuU5UjkYbu8zUiv69H-HVTodawjZ4XMZ22IbQAKHDAEtMZHpclbV-LOELIDKOTc3ir0rIwCjxbF5wsYMjlh:1lCS34:-nHhHAFdXmmlx9ols8YbDLf5s7L0Hmt5_NAZq3xLjS8", "expire_date": "2021-03-03T18:59:42.722Z"}}, {"model": "sessions.session", "pk": "75iqsexgtwk4ogh4kdtsj1chnfyqb6vw", "fields": {"session_data": ".eJxVjDsOwyAQRO9CHSF-BpMyvc-AWHYJTiKQjF1FuXtsyUVSzrw382YhbmsJW6clzMiuTFp2-S0hpifVg-Aj1nvjqdV1mYEfCj9p51NDet1O9--gxF72NWmRSRGCG5URQBFRg1B-xATa-QEGQzo7zEIYiB4S7slqlFlIQGXZ5ws0gjkX:1lKIwS:Jo0VtaPWBd6Pt9pQK_0u0H2_NsPLNl3rSF5gXSDdWSE", "expire_date": "2021-03-25T10:53:20.946Z"}}, {"model": "sessions.session", "pk": "7gfytvy0pyovylkmm2svqav6hfoupzf9", "fields": {"session_data": "e30:1lJbKL:HZLNvj9UVumR0xlH7pBQnAJldfVFJsLl8cZcJg-uUM4", "expire_date": "2021-03-23T12:19:05.546Z"}}, {"model": "sessions.session", "pk": "7wt1k84z36dpiq4rtwskl170xbu7ptn5", "fields": {"session_data": "eyJfc2Vzc2lvbl9pbml0X3RpbWVzdGFtcF8iOjE2MTY2MjY2NzMuNTgxMDU2NH0:1lPCRl:wNROujZbaye0MMkgGsCDeAEU1KSHuDYIpxbTDpuKxag", "expire_date": "2021-04-07T22:57:53.653Z"}}, {"model": "sessions.session", "pk": "84o7j4bcgp6x4sf13mbv7pilorbgf33f", "fields": {"session_data": ".eJxVjDsOwyAQRO9CHSF-BpMyvc-AWHYJTiKQjF1FuXtsyUVSzrw382YhbmsJW6clzMiuTFp2-S0hpifVg-Aj1nvjqdV1mYEfCj9p51NDet1O9--gxF72NWmRSRGCG5URQBFRg1B-xATa-QEGQzo7zEIYiB4S7slqlFlIQGXZ5ws0gjkX:1lJkFu:abbh8-nYVYUVQWjYcWqwmY4MuSgbhQZDWJVgZ11Uj8s", "expire_date": "2021-03-23T21:51:06.011Z"}}, {"model": "sessions.session", "pk": "8qmyrnfz4uninh6lppvuj0a0t5ejq6g3", "fields": {"session_data": ".eJxVjDsOwjAQBe_iGlm2_IWSnjNYa-8uDiBHipMKcXdiKQW0M_PeWyTY1pq2TkuaUFyEFqdflqE8qQ2BD2j3WZa5rcuU5UjkYbu8zUiv69H-HVTodawjZ4XMZ22IbQAKHDAEtMZHpclbV-LOELIDKOTc3ir0rIwCjxbF5wsYMjlh:1lHaVF:24fK57oWLboHOIR7utDiyDXvnbkmE4wEOkUBipnn7P0", "expire_date": "2021-03-17T23:02:01.472Z"}}, {"model": "sessions.session", "pk": "9attb41aptk70c2gpacptr1sry576wvv", "fields": {"session_data": ".eJxVjDsOwjAQBe_iGlm2_IWSnjNYa-8uDiBHipMKcXdiKQW0M_PeWyTY1pq2TkuaUFyEFqdflqE8qQ2BD2j3WZa5rcuU5UjkYbu8zUiv69H-HVTodawjZ4XMZ22IbQAKHDAEtMZHpclbV-LOELIDKOTc3ir0rIwCjxbF5wsYMjlh:1lJDoA:kfzeoosgTwspnTXHplS9sUDHR6POFBs8Ls9JIHd_f1c", "expire_date": "2021-03-22T11:12:18.655Z"}}, {"model": "sessions.session", "pk": "9bnc0pgffihhyybll8t4d2f7vw2kccuc", "fields": {"session_data": ".eJxVjDsOwyAQRO9CHSF-BpMyvc-AWHYJTiKQjF1FuXtsyUVSzrw382YhbmsJW6clzMiuTFp2-S0hpifVg-Aj1nvjqdV1mYEfCj9p51NDet1O9--gxF72NWmRSRGCG5URQBFRg1B-xATa-QEGQzo7zEIYiB4S7slqlFlIQGXZ5ws0gjkX:1lKLkk:nX8iHjlC2AsrO0-jMZ4uDTo6zOYB4iJq11Eg4haWcNY", "expire_date": "2021-03-25T13:53:26.691Z"}}, {"model": "sessions.session", "pk": "a058j9vhqwjn5l4lwkqf0vs9wf8c3l0u", "fields": {"session_data": ".eJxVjDsOwjAQBe_iGlm2_IWSnjNYa-8uDiBHipMKcXdiKQW0M_PeWyTY1pq2TkuaUFyEFqdflqE8qQ2BD2j3WZa5rcuU5UjkYbu8zUiv69H-HVTodawjZ4XMZ22IbQAKHDAEtMZHpclbV-LOELIDKOTc3ir0rIwCjxbF5wsYMjlh:1lHZds:vSebGW76nHkPVZnLXjqPJb90fnooWOLrxQuMJqBzd6A", "expire_date": "2021-03-17T22:06:52.315Z"}}, {"model": "sessions.session", "pk": "ao0lg0fxc0w7xq1cdxjokn9v4qt2twn8", "fields": {"session_data": ".eJxVjDsOwyAQRO9CHSF-BpMyvc-AWHYJTiKQjF1FuXtsyUVSzrw382YhbmsJW6clzMiuTFp2-S0hpifVg-Aj1nvjqdV1mYEfCj9p51NDet1O9--gxF72NWmRSRGCG5URQBFRg1B-xATa-QEGQzo7zEIYiB4S7slqlFlIQGXZ5ws0gjkX:1lKnzr:ObkeNQrelSHseqjvSXKq0SlKGnBUPA48jZ0WBakbZLk", "expire_date": "2021-03-26T20:02:55.841Z"}}, {"model": "sessions.session", "pk": "aodkz7zucmc21cvbxrwgegaj7r57shya", "fields": {"session_data": ".eJxVjDsOwjAQBe_iGlm2_IWSnjNYa-8uDiBHipMKcXdiKQW0M_PeWyTY1pq2TkuaUFyEFqdflqE8qQ2BD2j3WZa5rcuU5UjkYbu8zUiv69H-HVTodawjZ4XMZ22IbQAKHDAEtMZHpclbV-LOELIDKOTc3ir0rIwCjxbF5wsYMjlh:1lHaVF:24fK57oWLboHOIR7utDiyDXvnbkmE4wEOkUBipnn7P0", "expire_date": "2021-03-17T23:02:01.706Z"}}, {"model": "sessions.session", "pk": "bn7dswi38uzmsf4v0e382303y45bf6nd", "fields": {"session_data": ".eJxVjDsOwjAQBe_iGlm2_IWSnjNYa-8uDiBHipMKcXdiKQW0M_PeWyTY1pq2TkuaUFyEFqdflqE8qQ2BD2j3WZa5rcuU5UjkYbu8zUiv69H-HVTodawjZ4XMZ22IbQAKHDAEtMZHpclbV-LOELIDKOTc3ir0rIwCjxbF5wsYMjlh:1lEGPL:qEhv-wDD9enkS1uKBSC7QOHEnWOVUV_uKHEr-7eQnbU", "expire_date": "2021-03-08T18:58:11.546Z"}}, {"model": "sessions.session", "pk": "cnaw2p1iglt0rjgmw5y1j2g2h7j40wgj", "fields": {"session_data": ".eJxVjDsOwjAQBe_iGlm2_IWSnjNYa-8uDiBHipMKcXdiKQW0M_PeWyTY1pq2TkuaUFyEFqdflqE8qQ2BD2j3WZa5rcuU5UjkYbu8zUiv69H-HVTodawjZ4XMZ22IbQAKHDAEtMZHpclbV-LOELIDKOTc3ir0rIwCjxbF5wsYMjlh:1kW4xm:5vQo6LV2ezmkwqmgpFXlebi10fCJWmr7pcexG-UhS3U", "expire_date": "2020-11-06T21:51:06.488Z"}}, {"model": "sessions.session", "pk": "cswpq1z8rnzjz1uznrwi79f1hmg9ml8l", "fields": {"session_data": ".eJxVjDsOwjAQBe_iGlm2_IWSnjNYa-8uDiBHipMKcXdiKQW0M_PeWyTY1pq2TkuaUFyEFqdflqE8qQ2BD2j3WZa5rcuU5UjkYbu8zUiv69H-HVTodawjZ4XMZ22IbQAKHDAEtMZHpclbV-LOELIDKOTc3ir0rIwCjxbF5wsYMjlh:1lLpTQ:xrsHtc2YsmH1M9oqfcnB6NLD78oTe8FiiHVdPgZx3c8", "expire_date": "2021-03-29T15:49:40.827Z"}}, {"model": "sessions.session", "pk": "djxzkokab2mqfhcc67185dqgitxdh776", "fields": {"session_data": ".eJxVjDsOwjAQBe_iGlm2_IWSnjNYa-8uDiBHipMKcXdiKQW0M_PeWyTY1pq2TkuaUFyEFqdflqE8qQ2BD2j3WZa5rcuU5UjkYbu8zUiv69H-HVTodawjZ4XMZ22IbQAKHDAEtMZHpclbV-LOELIDKOTc3ir0rIwCjxbF5wsYMjlh:1lK3eX:wQHjzlsMbOzj5eRIw6QcCQfqdLsW4enTh-h2TcdMrZk", "expire_date": "2021-03-24T18:33:49.936Z"}}, {"model": "sessions.session", "pk": "dl7dspqzsu867tnargztob1zhopns1gr", "fields": {"session_data": ".eJxVjDsOwjAQBe_iGlm2_IWSnjNYa-8uDiBHipMKcXdiKQW0M_PeWyTY1pq2TkuaUFyEFqdflqE8qQ2BD2j3WZa5rcuU5UjkYbu8zUiv69H-HVTodawjZ4XMZ22IbQAKHDAEtMZHpclbV-LOELIDKOTc3ir0rIwCjxbF5wsYMjlh:1lKIwv:02JUJ7jDDRPXHAHG38ET6R88YVzqBh5xJ2QPXg2tdqM", "expire_date": "2021-03-25T10:53:49.012Z"}}, {"model": "sessions.session", "pk": "e30no6e6a7pqnjh5k3xrstla71qqdw27", "fields": {"session_data": ".eJxVjDsOwjAQBe_iGlm2_IWSnjNYa-8uDiBHipMKcXdiKQW0M_PeWyTY1pq2TkuaUFyEFqdflqE8qQ2BD2j3WZa5rcuU5UjkYbu8zUiv69H-HVTodawjZ4XMZ22IbQAKHDAEtMZHpclbV-LOELIDKOTc3ir0rIwCjxbF5wsYMjlh:1lAcYm:txO58lnIM-0TfPjWGfJdioc4IpAln_BaZubvZxpxvs0", "expire_date": "2021-02-26T17:48:52.704Z"}}, {"model": "sessions.session", "pk": "g4p4mg6ewy0eb697tw0n58whxya35x66", "fields": {"session_data": "eyJfc2Vzc2lvbl9pbml0X3RpbWVzdGFtcF8iOjE2MTYyNDk3ODguNjkwMzc0fQ:1lNcOy:1xG3OK-zjS6hWuklJDmlUyQ8lkFaFBnpH0ZFpR65tys", "expire_date": "2021-04-03T14:16:28.737Z"}}, {"model": "sessions.session", "pk": "gj1shu8p55459q2vactmhjyoy4wrr66h", "fields": {"session_data": ".eJxVjDsOwjAQBe_iGlm2_IWSnjNYa-8uDiBHipMKcXdiKQW0M_PeWyTY1pq2TkuaUFyEFqdflqE8qQ2BD2j3WZa5rcuU5UjkYbu8zUiv69H-HVTodawjZ4XMZ22IbQAKHDAEtMZHpclbV-LOELIDKOTc3ir0rIwCjxbF5wsYMjlh:1kRKRi:hGMGrAo9ROw6sE9pjtEjEzEvdmB8nypi6ZLEYHQEpzY", "expire_date": "2020-10-24T19:22:22.164Z"}}, {"model": "sessions.session", "pk": "gnyem0ib3rwuzr2yrowe8wnneouw66gz", "fields": {"session_data": ".eJxVjDsOwjAQBe_iGlm2_IWSnjNYa-8uDiBHipMKcXdiKQW0M_PeWyTY1pq2TkuaUFyEFqdflqE8qQ2BD2j3WZa5rcuU5UjkYbu8zUiv69H-HVTodawjZ4XMZ22IbQAKHDAEtMZHpclbV-LOELIDKOTc3ir0rIwCjxbF5wsYMjlh:1lJkb0:CDTxaErQnTQcpUajUB0pvO35-boi30J10_gNFcITBOQ", "expire_date": "2021-03-23T22:12:54.620Z"}}, {"model": "sessions.session", "pk": "gqtumh7nmkq5yoytu2awscrvedlvgt31", "fields": {"session_data": "eyJfc2Vzc2lvbl9pbml0X3RpbWVzdGFtcF8iOjE2MTYyNjczMzQuNTkwNDcyMn0:1lNgxy:OuEd5VIPr-4K-uEmkYKUZEfkju7uEZxZw0h7N8lsO3U", "expire_date": "2021-04-03T19:08:54.694Z"}}, {"model": "sessions.session", "pk": "gu35eszskq604p54gu3rgcc4ad9clgxi", "fields": {"session_data": ".eJxVjDsOwjAQBe_iGlm2_IWSnjNYa-8uDiBHipMKcXdiKQW0M_PeWyTY1pq2TkuaUFyEFqdflqE8qQ2BD2j3WZa5rcuU5UjkYbu8zUiv69H-HVTodawjZ4XMZ22IbQAKHDAEtMZHpclbV-LOELIDKOTc3ir0rIwCjxbF5wsYMjlh:1lJbwf:4XqFQAPaTkn2JptJ6XxmwNPKtl85EXRvZI_481c0MFE", "expire_date": "2021-03-23T12:58:41.541Z"}}, {"model": "sessions.session", "pk": "h7eesbafs8w3vicfgajyepkrlfdtfvok", "fields": {"session_data": ".eJxVjDsOwjAQBe_iGlm2_IWSnjNYa-8uDiBHipMKcXdiKQW0M_PeWyTY1pq2TkuaUFyEFqdflqE8qQ2BD2j3WZa5rcuU5UjkYbu8zUiv69H-HVTodawjZ4XMZ22IbQAKHDAEtMZHpclbV-LOELIDKOTc3ir0rIwCjxbF5wsYMjlh:1lFN6t:c7H1UVOFAYhGSPF8nCbW8Ni0h1lRRTNaBSksqMdVgwA", "expire_date": "2021-03-11T20:19:43.523Z"}}, {"model": "sessions.session", "pk": "h8i0v9sefff2mr2krnta7mhd2adiizwh", "fields": {"session_data": ".eJxVjDsOwyAQRO9CHSF-BpMyvc-AWHYJTiKQjF1FuXtsyUVSzrw382YhbmsJW6clzMiuTFp2-S0hpifVg-Aj1nvjqdV1mYEfCj9p51NDet1O9--gxF72NWmRSRGCG5URQBFRg1B-xATa-QEGQzo7zEIYiB4S7slqlFlIQGXZ5ws0gjkX:1lJdK4:tWY5azKZpul7U7PdAZp5muxxoyPX3fsCddP9oLPwatQ", "expire_date": "2021-03-23T14:26:56.779Z"}}, {"model": "sessions.session", "pk": "i17gsrjeuak2v8qnw8bmfm1ll88r89mg", "fields": {"session_data": ".eJxVjDsOwjAQBe_iGlm2_IWSnjNYa-8uDiBHipMKcXdiKQW0M_PeWyTY1pq2TkuaUFyEFqdflqE8qQ2BD2j3WZa5rcuU5UjkYbu8zUiv69H-HVTodawjZ4XMZ22IbQAKHDAEtMZHpclbV-LOELIDKOTc3ir0rIwCjxbF5wsYMjlh:1l9a1K:q2YdsbqwasPAn3lytvUj7ToKUj4MiS73DutV4S7EekU", "expire_date": "2021-02-23T20:54:02.266Z"}}, {"model": "sessions.session", "pk": "ierweb92to5cjuq62qd8oiet2nxr9u27", "fields": {"session_data": ".eJxVjDsOwjAQBe_iGlm2_IWSnjNYa-8uDiBHipMKcXdiKQW0M_PeWyTY1pq2TkuaUFyEFqdflqE8qQ2BD2j3WZa5rcuU5UjkYbu8zUiv69H-HVTodawjZ4XMZ22IbQAKHDAEtMZHpclbV-LOELIDKOTc3ir0rIwCjxbF5wsYMjlh:1lM7Rk:mdSZHzWkeA0x0xB8EUQUUbeQ2qC0CIkajKMjx8QpKDI", "expire_date": "2021-03-30T11:01:08.852Z"}}, {"model": "sessions.session", "pk": "ijzgru1959qb68y0eeyg7dzjhn1frgch", "fields": {"session_data": ".eJxVjDsOwjAQBe_iGlm2_IWSnjNYa-8uDiBHipMKcXdiKQW0M_PeWyTY1pq2TkuaUFyEFqdflqE8qQ2BD2j3WZa5rcuU5UjkYbu8zUiv69H-HVTodawjZ4XMZ22IbQAKHDAEtMZHpclbV-LOELIDKOTc3ir0rIwCjxbF5wsYMjlh:1lKMI8:dueWwiodXd63fUHlPgOwGHpxwT-MIccGPvH0J9y8JeI", "expire_date": "2021-03-25T14:27:56.797Z"}}, {"model": "sessions.session", "pk": "j5gid59owklzk480doiz933ejr4vf9f1", "fields": {"session_data": ".eJxVjDsOwjAQBe_iGlm2_IWSnjNYa-8uDiBHipMKcXdiKQW0M_PeWyTY1pq2TkuaUFyEFqdflqE8qQ2BD2j3WZa5rcuU5UjkYbu8zUiv69H-HVTodawjZ4XMZ22IbQAKHDAEtMZHpclbV-LOELIDKOTc3ir0rIwCjxbF5wsYMjlh:1kPW4C:a8DW2tXrR0idrpWQwGLwECXe4xcr7qNtoT387SP1UBM", "expire_date": "2020-10-19T19:22:36.424Z"}}, {"model": "sessions.session", "pk": "l00h083vn0q2ac4krbp66iwqww7l6pgy", "fields": {"session_data": ".eJxVjMsOgyAQRf-FdUNAhFGX3fcbyOgMlT6gEVw1_fdq4sbtOefer_CFS4k5-Zhi9TW-uVR8f7wYtNPOWNMASNM3DgxchMe1zn4tvPhIYhBanNiI05PTLuiB6Z7llFNd4ij3RB62yFsmfl2P9nQwY5n3dRdGRSH02nBoARkCEAC1xnVKs2vt1G2McLSIE1u7tYpcUEaho5bE7w89qke_:1lO3K9:WCanylwlsbI3dJsmDeq8ydJd_P-p0DubT8mvknbVS-M", "expire_date": "2021-04-04T19:01:17.431Z"}}, {"model": "sessions.session", "pk": "le5lw5akh0zvjmsfdyfiirzlq42y7rkt", "fields": {"session_data": ".eJxVjDsOwyAQRO9CHSF-BpMyvc-AWHYJTiKQjF1FuXtsyUVSzrw382YhbmsJW6clzMiuTFp2-S0hpifVg-Aj1nvjqdV1mYEfCj9p51NDet1O9--gxF72NWmRSRGCG5URQBFRg1B-xATa-QEGQzo7zEIYiB4S7slqlFlIQGXZ5ws0gjkX:1lKRuh:z1AF0LDgx-LTEdvda9N_V4Yaxt15iYCNoFf2irfuHtQ", "expire_date": "2021-03-25T20:28:07.777Z"}}, {"model": "sessions.session", "pk": "lq8sqhmzstlld2z92wgoc76dvqcs3fp4", "fields": {"session_data": ".eJxVjDsOwjAQBe_iGlm2_IWSnjNYa-8uDiBHipMKcXdiKQW0M_PeWyTY1pq2TkuaUFyEFqdflqE8qQ2BD2j3WZa5rcuU5UjkYbu8zUiv69H-HVTodawjZ4XMZ22IbQAKHDAEtMZHpclbV-LOELIDKOTc3ir0rIwCjxbF5wsYMjlh:1kVJDE:g47JcSoX4uCphuPnsHyzEnorSl6dS0EEQTXlhEbUMFw", "expire_date": "2020-11-04T18:51:52.937Z"}}, {"model": "sessions.session", "pk": "m5bqcg3ri99djmetgvdmpemzl5521zch", "fields": {"session_data": ".eJxVjDsOwyAQRO9CHSF-BpMyvc-AWHYJTiKQjF1FuXtsyUVSzrw382YhbmsJW6clzMiuTFp2-S0hpifVg-Aj1nvjqdV1mYEfCj9p51NDet1O9--gxF72NWmRSRGCG5URQBFRg1B-xATa-QEGQzo7zEIYiB4S7slqlFlIQGXZ5ws0gjkX:1lKRiN:ISANw_V4xeJV034MQ4qZc3LCwn8Juz2NLKTUbkmyN70", "expire_date": "2021-03-25T20:15:23.004Z"}}, {"model": "sessions.session", "pk": "millevrgvfbiphzcn5powougo9rczlho", "fields": {"session_data": ".eJxVjDsOwyAQRO9CHSF-BpMyvc-AWHYJTiKQjF1FuXtsyUVSzrw382YhbmsJW6clzMiuTFp2-S0hpifVg-Aj1nvjqdV1mYEfCj9p51NDet1O9--gxF72NWmRSRGCG5URQBFRg1B-xATa-QEGQzo7zEIYiB4S7slqlFlIQGXZ5ws0gjkX:1lKRmt:d_9shkQq3MgQ4Et239HDnT6vAQ7wvXxDD1ir5hJEjrY", "expire_date": "2021-03-25T20:20:03.285Z"}}, {"model": "sessions.session", "pk": "o926orghvrtxzsp9jpelsko0djw6jkxr", "fields": {"session_data": "e30:1lJDWS:nk1dc3xOYb15AkHT5Y0jpXkzNNletB2YGRFfYDOJDF0", "expire_date": "2021-03-22T10:54:00.198Z"}}, {"model": "sessions.session", "pk": "p8zcw7j3p2s926jfo7ymhsxu2wikpfq4", "fields": {"session_data": ".eJxVjDsOwyAQRO9CHSF-BpMyvc-AWHYJTiKQjF1FuXtsyUVSzrw382YhbmsJW6clzMiuTFp2-S0hpifVg-Aj1nvjqdV1mYEfCj9p51NDet1O9--gxF72NWmRSRGCG5URQBFRg1B-xATa-QEGQzo7zEIYiB4S7slqlFlIQGXZ5ws0gjkX:1lLpFd:_wWaWxwhuVHLNfkuHYm8ncKIwFB6u6Uryeu8KUW2xwE", "expire_date": "2021-03-29T15:35:25.256Z"}}, {"model": "sessions.session", "pk": "r37v9lbu6boq44kg144pu4vsm1xyu884", "fields": {"session_data": ".eJxVjDsOwjAQBe_iGll2_CUlPWewNtk1MRAbxU6FuDuJlCbtzLz3ZaFSrankkHJqoaWZaoP5E1gvrbSdEcobrrT31nYXFmBtU1grLSEh65lkJzbA-KK8C3xCfhQ-ltyWNPA94Yet_F6Q3rejPR1MUKd97eMgMMarVBS1A3LRoXOolfVCktVm9BtDGAzASMZsrUAbhRJgUSP7_QE61Ue7:1lNcYb:ts37tFLvCmuZhvAAfZuhlP5ZYKygBrDlWOe2RYiXvuQ", "expire_date": "2021-04-03T14:26:25.365Z"}}, {"model": "sessions.session", "pk": "r5ei32ekv9fdl8kdqmi8r9dxbe19khrf", "fields": {"session_data": ".eJxVjEEOgyAQRe_CuiFQcFCX3fcMZHSGSluhEVw1vXs1ceP2vff_V_jCpcScfEyx-hpnLhXnjxe9Bg0G3LXrJNiuNQouwuNaJ78WXnwk0QstTmzA8cVpF_TE9MhyzKkucZB7Ig9b5D0Tv29HezqYsEz7ug2DohA6bThYh-yCI-fIGmiVZrDN2G6McGgQR26arVUEQRmFQJbE7w9DdEfH:1lO6yJ:L6w1sF0uZC3SgknsyBRJEqeVHkzaX-UyT1zB6ZlYCA0", "expire_date": "2021-04-04T22:54:59.890Z"}}, {"model": "sessions.session", "pk": "rqc5c6xe87ckdok933r9l20mve4jiewt", "fields": {"session_data": "e30:1lFPOy:mtmPLJKFrYHvprqXeg7zz93iO5WIxFZXUf0RkUrCO30", "expire_date": "2021-03-11T22:46:32.793Z"}}, {"model": "sessions.session", "pk": "s5us43tr8kffv7cx1k8ed79uduor7gf4", "fields": {"session_data": ".eJxVjDsOwjAQBe_iGlm2_IWSnjNYa-8uDiBHipMKcXdiKQW0M_PeWyTY1pq2TkuaUFyEFqdflqE8qQ2BD2j3WZa5rcuU5UjkYbu8zUiv69H-HVTodawjZ4XMZ22IbQAKHDAEtMZHpclbV-LOELIDKOTc3ir0rIwCjxbF5wsYMjlh:1l87QO:XQt_cmHGpfYewFy3Ypm2XM4guFhXlN8egIZxoBDOmtk", "expire_date": "2021-02-19T20:09:52.032Z"}}, {"model": "sessions.session", "pk": "tm5gpof8l0jm9vg2leutuv6qohq0u9kf", "fields": {"session_data": "eyJfc2Vzc2lvbl9pbml0X3RpbWVzdGFtcF8iOjE2MTYyODA2MjcuMzYwOTc4OH0:1lNkQN:z3fsiQ7UFl_iZ5D2OnlW-ahecSbTIQFphDwf-q5sgww", "expire_date": "2021-04-03T22:50:27.426Z"}}, {"model": "sessions.session", "pk": "u16dqotl8vhraagu9b56gj7s8okbkhww", "fields": {"session_data": ".eJxVjDsOwyAQRO9CHSF-BpMyvc-AWHYJTiKQjF1FuXtsyUVSzrw382YhbmsJW6clzMiuTFp2-S0hpifVg-Aj1nvjqdV1mYEfCj9p51NDet1O9--gxF72NWmRSRGCG5URQBFRg1B-xATa-QEGQzo7zEIYiB4S7slqlFlIQGXZ5ws0gjkX:1lJJJI:nnFg1_8wDwcJI8Q9cuOgNNXkSYyirjJycqY310tA_18", "expire_date": "2021-03-22T17:04:48.675Z"}}, {"model": "sessions.session", "pk": "ull2c1uwygdqe6jzcg1erfo39qt2ecio", "fields": {"session_data": ".eJxVjDsOwjAQBe_iGlm2_IWSnjNYa-8uDiBHipMKcXdiKQW0M_PeWyTY1pq2TkuaUFyEFqdflqE8qQ2BD2j3WZa5rcuU5UjkYbu8zUiv69H-HVTodawjZ4XMZ22IbQAKHDAEtMZHpclbV-LOELIDKOTc3ir0rIwCjxbF5wsYMjlh:1lMGf5:pJOYFAyE_BaSmtO7LaPoo9EWZj2mlVYeTc1er8T9G3Y", "expire_date": "2021-03-30T20:51:31.975Z"}}, {"model": "sessions.session", "pk": "uqxn0a24novpe2ayife9tf4fhguhtc3f", "fields": {"session_data": ".eJxVjDsOwyAQRO9CHSF-BpMyvc-AWHYJTiKQjF1FuXtsyUVSzrw382YhbmsJW6clzMiuTFp2-S0hpifVg-Aj1nvjqdV1mYEfCj9p51NDet1O9--gxF72NWmRSRGCG5URQBFRg1B-xATa-QEGQzo7zEIYiB4S7slqlFlIQGXZ5ws0gjkX:1lMEQA:zOXpWZwtmdlqhF46hP61mAZrt432eIqy5wJyk2n6KH0", "expire_date": "2021-03-30T18:27:58.580Z"}}, {"model": "sessions.session", "pk": "vh0bkwrg4p2zk5evdwqg3ssttjpwkrnk", "fields": {"session_data": ".eJxVjDsOwjAQBe_iGlm2_IWSnjNYa-8uDiBHipMKcXdiKQW0M_PeWyTY1pq2TkuaUFyEFqdflqE8qQ2BD2j3WZa5rcuU5UjkYbu8zUiv69H-HVTodawjZ4XMZ22IbQAKHDAEtMZHpclbV-LOELIDKOTc3ir0rIwCjxbF5wsYMjlh:1lMd6K:rvtrxfPKVu2LvP25nYux1rsaT90xECRPKar8P6zU15s", "expire_date": "2021-03-31T20:49:08.125Z"}}, {"model": "sessions.session", "pk": "vob2lxc957rzsv2mns9veuj116ss8ixj", "fields": {"session_data": "e30:1lFMiu:k-JAyKz1qDE1cYGOzw2iSR-KgQwoJqHgblqzQKb1qjE", "expire_date": "2021-03-11T19:54:56.948Z"}}, {"model": "sessions.session", "pk": "vv16mzrgl6xrpjeq82u2y28d246nwdby", "fields": {"session_data": ".eJxVjDsOwyAQRO9CHSF-BpMyvc-AWHYJTiKQjF1FuXtsyUVSzrw382YhbmsJW6clzMiuTFp2-S0hpifVg-Aj1nvjqdV1mYEfCj9p51NDet1O9--gxF72NWmRSRGCG5URQBFRg1B-xATa-QEGQzo7zEIYiB4S7slqlFlIQGXZ5ws0gjkX:1lHadw:MpyM9zt3P60OZtX09bJDEcRj9MQzWJ5-O_DE6dyCKRg", "expire_date": "2021-03-17T23:11:00.576Z"}}, {"model": "sessions.session", "pk": "vyv7ycju8a9v2l7lrvimp7hmsk1aeawy", "fields": {"session_data": ".eJxVjDsOwjAQBe_iGlm2_IWSnjNYa-8uDiBHipMKcXdiKQW0M_PeWyTY1pq2TkuaUFyEFqdflqE8qQ2BD2j3WZa5rcuU5UjkYbu8zUiv69H-HVTodawjZ4XMZ22IbQAKHDAEtMZHpclbV-LOELIDKOTc3ir0rIwCjxbF5wsYMjlh:1lFMzq:BZz3zH3YJpKzowspcF_19sdH6CMKZiAxTjKnMmQBFHM", "expire_date": "2021-03-11T20:12:26.790Z"}}, {"model": "sessions.session", "pk": "wcu6h9wxckdzjae410gdvcqhmvsi79uz", "fields": {"session_data": ".eJxVjDsOwyAQRO9CHSF-BpMyvc-AWHYJTiKQjF1FuXtsyUVSzrw382YhbmsJW6clzMiuTFp2-S0hpifVg-Aj1nvjqdV1mYEfCj9p51NDet1O9--gxF72NWmRSRGCG5URQBFRg1B-xATa-QEGQzo7zEIYiB4S7slqlFlIQGXZ5ws0gjkX:1lMFpu:I9KPZdOcjmtv7OHVZAbUTfaQL9V1u7ltRUl9xyCztew", "expire_date": "2021-03-30T19:58:38.135Z"}}, {"model": "sessions.session", "pk": "x6xhr9cb01i0mvf0nmtju6ghyt5tss9z", "fields": {"session_data": ".eJxVjDsOwjAQBe_iGlm2_IWSnjNYa-8uDiBHipMKcXdiKQW0M_PeWyTY1pq2TkuaUFyEFqdflqE8qQ2BD2j3WZa5rcuU5UjkYbu8zUiv69H-HVTodawjZ4XMZ22IbQAKHDAEtMZHpclbV-LOELIDKOTc3ir0rIwCjxbF5wsYMjlh:1lKo0l:MAwmu48pmByc54NNbMzM8iXElQjQ3b6dkHh5np2h2rc", "expire_date": "2021-03-26T20:03:51.053Z"}}, {"model": "sessions.session", "pk": "xe9chqqvq3cwxic6xdz5d0ocdj2ycdcs", "fields": {"session_data": ".eJxVjDsOwyAQRO9CHSF-BpMyvc-AWHYJTiKQjF1FuXtsyUVSzrw382YhbmsJW6clzMiuTFp2-S0hpifVg-Aj1nvjqdV1mYEfCj9p51NDet1O9--gxF72NWmRSRGCG5URQBFRg1B-xATa-QEGQzo7zEIYiB4S7slqlFlIQGXZ5ws0gjkX:1lMAHS:14neLPELNQBJxc7UOldOtsA1eZ_LguVryvdvRK7pTMM", "expire_date": "2021-03-30T14:02:42.609Z"}}, {"model": "sessions.session", "pk": "z3m616xot5wts53cb5oblkl9jyy354rk", "fields": {"session_data": ".eJxVjDsOwyAQBe9CHSEI37hMnzOgNbvE5AORwVWUu8eW3Lidmfe-LDRqLdcScsk99Pym1uH9CWyQVlplnfCSn5UV2psTC7D0KSyN5pCRDUyyAxshPqlsAh9Q7pXHWvqcR74lfLeN3yrS67q3h4MJ2rStfRoFpnSRipJ2QC45dA61sl5IstpEvzKE0QBEMmZtBdoklACLGtnvDzYcR7Q:1lO6un:0wGPtZAKiYgA79nUBA4KWFbG0wdpFqWsNKZTAe5uDXM", "expire_date": "2021-04-04T22:51:21.488Z"}}, {"model": "sessions.session", "pk": "zijhvhx8b8y2ota9hlo4zs5i1ttr9sxt", "fields": {"session_data": ".eJxVjDsOwjAQBe_iGlm2_IWSnjNYa-8uDiBHipMKcXdiKQW0M_PeWyTY1pq2TkuaUFyEFqdflqE8qQ2BD2j3WZa5rcuU5UjkYbu8zUiv69H-HVTodawjZ4XMZ22IbQAKHDAEtMZHpclbV-LOELIDKOTc3ir0rIwCjxbF5wsYMjlh:1kXULC:EBPCbWozUfXRIh7W9oVM3EUP6BHtmyizWx8ggmIvNsY", "expire_date": "2020-11-10T19:09:06.222Z"}}, {"model": "sessions.session", "pk": "zx8g9568osayk1p2dw6673a0vzwfc00o", "fields": {"session_data": "e30:1kUE2t:uSd3NjuJarUFX9vGGWn6ga4lOpiIGMfCitpJnm9mPBk", "expire_date": "2020-11-01T19:08:43.780Z"}}, {"model": "category.category", "pk": 1, "fields": {"category_name": "Shirts", "slug": "shirts", "description": "This is the demo shirt category", "cat_image": "photos/categories/shirts.jpg"}}, {"model": "category.category", "pk": 2, "fields": {"category_name": "T Shirt", "slug": "t-shirt", "description": "This is test description", "cat_image": "photos/categories/tshirts.jpg"}}, {"model": "category.category", "pk": 3, "fields": {"category_name": "Shoes", "slug": "shoes", "description": "This is shoes category", "cat_image": "photos/categories/shoes.png"}}, {"model": "category.category", "pk": 4, "fields": {"category_name": "Jeans", "slug": "jeans", "description": "Jeans category", "cat_image": "photos/categories/jeans.jpg"}}, {"model": "category.category", "pk": 5, "fields": {"category_name": "Jackets", "slug": "jackets", "description": "Jackets category", "cat_image": "photos/categories/jackets.jpg"}}, {"model": "accounts.account", "pk": 1, "fields": {"password": "pbkdf2_sha256$216000$lxUQ7byKz6Dd$P3PrWvYWPFTawa6qmgMCcmEGxxradqtEhphKCfawZE0=", "first_name": "Rathan", "last_name": "Kumar", "username": "djangoadmin", "email": "developer.rathan@gmail.com", "phone_number": "", "date_joined": "2020-10-04T22:50:56.329Z", "last_login": "2021-03-24T22:57:16.515Z", "is_admin": true, "is_staff": true, "is_active": true, "is_superadmin": true}}, {"model": "accounts.account", "pk": 2, "fields": {"password": "pbkdf2_sha256$216000$J5NvRLFNlPg0$159XqjTnRrWjAJb/JYGMkV7Nr0PrbGOijW0JDkk3DBk=", "first_name": "John", "last_name": "Doe", "username": "john.doe", "email": "john.doe@gmail.com", "phone_number": "1234567895", "date_joined": "2021-02-25T19:43:55.428Z", "last_login": "2021-02-25T19:43:55.429Z", "is_admin": false, "is_staff": false, "is_active": true, "is_superadmin": false}}, {"model": "accounts.account", "pk": 7, "fields": {"password": "pbkdf2_sha256$216000$sEwhiCNM3mF6$BQ5DxYWECn1PabBrXvcEnSOZdYWM44a6RBdS1/gBxrE=", "first_name": "Joseph", "last_name": "Arugu", "username": "joe.arugu", "email": "joe.arugu@gmail.com", "phone_number": "09619600049", "date_joined": "2021-02-25T20:33:52.671Z", "last_login": "2021-02-25T20:33:52.671Z", "is_admin": false, "is_staff": false, "is_active": true, "is_superadmin": false}}, {"model": "accounts.account", "pk": 9, "fields": {"password": "pbkdf2_sha256$216000$Mfnp2flocppK$ZkiTWWUXBJwenoVrLFqq6gHhlIcN9yP/n7hKo4jd180=", "first_name": "Rathan", "last_name": "Kumar", "username": "rathan.kumar123", "email": "rathan.kumar123@gmail.com", "phone_number": "12345658988", "date_joined": "2021-02-25T20:48:40.611Z", "last_login": "2021-02-25T20:48:40.611Z", "is_admin": false, "is_staff": false, "is_active": false, "is_superadmin": false}}, {"model": "accounts.account", "pk": 10, "fields": {"password": "pbkdf2_sha256$216000$sk0XCMzKsXBD$B9U/UAMf+RKYV3b8t6FEnoryP2Tx+Iu2uDROOXZHVeY=", "first_name": "Rathan", "last_name": "Kumar", "username": "rathan.kumar000", "email": "rathan.kumar000@gmail.com", "phone_number": "09619600049", "date_joined": "2021-02-25T20:49:09.712Z", "last_login": "2021-02-25T20:49:09.713Z", "is_admin": false, "is_staff": false, "is_active": false, "is_superadmin": false}}, {"model": "accounts.account", "pk": 11, "fields": {"password": "pbkdf2_sha256$216000$YMS7uLjqC5t6$jM0K5FFp/duuo4g6aqHGohU+XlGrbuTBYhlkjsqVBTY=", "first_name": "Rathan", "last_name": "Kumar", "username": "rathan.kumar111", "email": "rathan.kumar111@gmail.com", "phone_number": "09619600049", "date_joined": "2021-02-25T20:53:24.460Z", "last_login": "2021-02-25T20:53:24.460Z", "is_admin": false, "is_staff": false, "is_active": false, "is_superadmin": false}}, {"model": "accounts.account", "pk": 12, "fields": {"password": "pbkdf2_sha256$216000$K9C7jU6HvZmB$oGM6cOlve8RqC88MINRxgTRz7/jdV9GKckS6VKp0RKo=", "first_name": "Rathan", "last_name": "Kumar", "username": "rathan.kumar33339", "email": "rathan.kumar33339@gmail.com", "phone_number": "09619600049", "date_joined": "2021-02-25T20:56:02.773Z", "last_login": "2021-02-25T20:56:02.773Z", "is_admin": false, "is_staff": false, "is_active": false, "is_superadmin": false}}, {"model": "accounts.account", "pk": 16, "fields": {"password": "pbkdf2_sha256$216000$s5tPuBe5hIro$EcvlzXHlcH7SesbZx248fVYCHg9LwwgepbcWTcn47RY=", "first_name": "Rathan", "last_name": "Kumar", "username": "rathan.kumar492", "email": "rathan.kumar492@gmail.com", "phone_number": "09619600049", "date_joined": "2021-02-25T22:23:05.650Z", "last_login": "2021-03-24T22:57:02.634Z", "is_admin": false, "is_staff": false, "is_active": true, "is_superadmin": false}}, {"model": "accounts.account", "pk": 17, "fields": {"password": "pbkdf2_sha256$216000$nSU6CBkmB1Q2$VZTydoxChMGPAyQWa8iHXc1Qu7Cyq3941/qWmA3bRwY=", "first_name": "Rathan", "last_name": "Kumar", "username": "rathan.kumar54656546", "email": "rathan.kumar54656546@gmail.com", "phone_number": "09619600049", "date_joined": "2021-03-17T21:15:50.792Z", "last_login": "2021-03-17T21:15:50.792Z", "is_admin": false, "is_staff": false, "is_active": false, "is_superadmin": false}}, {"model": "accounts.userprofile", "pk": 1, "fields": {"user": 16, "address_line_1": "Vashi, Lane 09 Test", "address_line_2": "MIDC Test", "profile_picture": "userprofile/Profile-Pic-Demo_eifH74A.png", "city": "Navi Mumbai", "state": "India", "country": "India"}}, {"model": "accounts.userprofile", "pk": 4, "fields": {"user": 2, "address_line_1": "Vashi, Lane 09", "address_line_2": "MIDC", "profile_picture": "userprofile/rathan-photo.jpg", "city": "Navi Mumbai", "state": "India", "country": "India"}}, {"model": "store.product", "pk": 1, "fields": {"product_name": "ATX Jeans", "slug": "atx-jeans", "description": "Lorem Ipsum is simply dummy text of the printing and typesetting industry. Lorem Ipsum has been the industry's standard dummy text ever since the 1500s. Jeans", "price": 199, "images": "photos/products/ATX-Jeans_jH6EYxI.jpg", "stock": 58, "is_available": true, "category": 4, "created_date": "2020-10-05T20:35:41.808Z", "modified_date": "2021-03-24T22:57:42.871Z"}}, {"model": "store.product", "pk": 2, "fields": {"product_name": "RXN Blue Shirt", "slug": "rxn-blue-shirt", "description": "Lorem Ipsum is simply dummy text of the printing and typesetting industry. Lorem Ipsum has been the industry's standard dummy text ever since the 1500s.", "price": 99, "images": "photos/products/Blue-Shirt.jpg", "stock": 197, "is_available": true, "category": 1, "created_date": "2020-10-05T20:36:54.408Z", "modified_date": "2021-03-20T14:32:03.485Z"}}, {"model": "store.product", "pk": 3, "fields": {"product_name": "Great Tshirt", "slug": "great-tshirt", "description": "Lorem Ipsum is simply dummy text of the printing and typesetting industry. Lorem Ipsum has been the industry's standard dummy text ever since the 1500s.", "price": 119, "images": "photos/products/Great-Tshirt.jpg", "stock": 0, "is_available": true, "category": 2, "created_date": "2020-10-05T20:37:24.165Z", "modified_date": "2020-10-10T19:22:35.655Z"}}, {"model": "store.product", "pk": 4, "fields": {"product_name": "Jordan Basketball Shoes", "slug": "jordan-basketball-shoes", "description": "Lorem Ipsum is simply dummy text of the printing and typesetting industry. Lorem Ipsum has been the industry's standard dummy text ever since the 1500s.", "price": 999, "images": "photos/products/jordan-true-flight-basketball-shoes.jpg", "stock": 500, "is_available": true, "category": 3, "created_date": "2020-10-05T20:37:54.522Z", "modified_date": "2020-10-05T20:37:54.522Z"}}, {"model": "store.product", "pk": 5, "fields": {"product_name": "Mavi Jeans", "slug": "mavi-jeans", "description": "Lorem Ipsum is simply dummy text of the printing and typesetting industry. Lorem Ipsum has been the industry's standard dummy text ever since the 1500s.", "price": 499, "images": "photos/products/Mavi_jeans.jpg", "stock": 1000, "is_available": true, "category": 4, "created_date": "2020-10-05T20:38:21.363Z", "modified_date": "2020-10-05T20:38:21.363Z"}}, {"model": "store.product", "pk": 6, "fields": {"product_name": "Puma Ferrari Shoes", "slug": "puma-ferrari-shoes", "description": "Lorem Ipsum is simply dummy text of the printing and typesetting industry. Lorem Ipsum has been the industry's standard dummy text ever since the 1500s.", "price": 1099, "images": "photos/products/Puma-Ferrari-Shoes.jpg", "stock": 499, "is_available": true, "category": 3, "created_date": "2020-10-05T20:39:03.005Z", "modified_date": "2021-03-20T14:32:03.469Z"}}, {"model": "store.product", "pk": 7, "fields": {"product_name": "US Polo Assn Jacket", "slug": "us-polo-assn-jacket", "description": "Lorem Ipsum is simply dummy text of the printing and typesetting industry. Lorem Ipsum has been the industry's standard dummy text ever since the 1500s.", "price": 899, "images": "photos/products/US-Polo-Assn_Jacket.jpg", "stock": 300, "is_available": true, "category": 5, "created_date": "2020-10-05T20:39:23.667Z", "modified_date": "2020-10-05T20:39:23.667Z"}}, {"model": "store.product", "pk": 8, "fields": {"product_name": "Wrangler Shirt", "slug": "wrangler-shirt", "description": "Lorem Ipsum is simply dummy text of the printing and typesetting industry. Lorem Ipsum has been the industry's standard dummy text ever since the 1500s.", "price": 699, "images": "photos/products/Wrangler-Shirt.jpg", "stock": 1234, "is_available": true, "category": 1, "created_date": "2020-10-05T20:39:54.009Z", "modified_date": "2020-10-19T12:02:15.542Z"}}, {"model": "store.variation", "pk": 1, "fields": {"product": 1, "variation_category": "color", "variation_value": "White", "is_active": true, "created_date": "2020-10-23T22:10:56.228Z"}}, {"model": "store.variation", "pk": 2, "fields": {"product": 1, "variation_category": "color", "variation_value": "Blue", "is_active": true, "created_date": "2020-10-23T21:52:29.001Z"}}, {"model": "store.variation", "pk": 3, "fields": {"product": 1, "variation_category": "color", "variation_value": "Green", "is_active": true, "created_date": "2020-10-23T21:55:08.542Z"}}, {"model": "store.variation", "pk": 7, "fields": {"product": 1, "variation_category": "size", "variation_value": "Small", "is_active": true, "created_date": "2020-10-27T19:09:23.747Z"}}, {"model": "store.variation", "pk": 8, "fields": {"product": 1, "variation_category": "size", "variation_value": "Medium", "is_active": true, "created_date": "2020-10-27T19:21:00.639Z"}}, {"model": "store.variation", "pk": 9, "fields": {"product": 1, "variation_category": "size", "variation_value": "Large", "is_active": true, "created_date": "2020-10-27T19:21:08.625Z"}}, {"model": "store.variation", "pk": 10, "fields": {"product": 2, "variation_category": "color", "variation_value": "Red", "is_active": true, "created_date": "2021-03-20T14:24:24.015Z"}}, {"model": "store.variation", "pk": 11, "fields": {"product": 2, "variation_category": "size", "variation_value": "Small", "is_active": true, "created_date": "2021-03-20T14:24:33.390Z"}}, {"model": "store.variation", "pk": 12, "fields": {"product": 6, "variation_category": "color", "variation_value": "Black", "is_active": true, "created_date": "2021-03-20T14:25:00.864Z"}}, {"model": "store.variation", "pk": 13, "fields": {"product": 6, "variation_category": "size", "variation_value": "9", "is_active": true, "created_date": "2021-03-20T14:25:11.059Z"}}, {"model": "store.variation", "pk": 14, "fields": {"product": 6, "variation_category": "color", "variation_value": "Red", "is_active": true, "created_date": "2021-03-20T14:25:37.239Z"}}, {"model": "store.variation", "pk": 15, "fields": {"product": 6, "variation_category": "size", "variation_value": "10", "is_active": true, "created_date": "2021-03-20T14:25:49.521Z"}}, {"model": "store.variation", "pk": 16, "fields": {"product": 2, "variation_category": "color", "variation_value": "Blue", "is_active": true, "created_date": "2021-03-20T14:26:25.356Z"}}, {"model": "store.reviewrating", "pk": 1, "fields": {"product": 1, "user": 16, "subject": "Very nice product, a packaging could be little more better", "review": "GreatKart is really doing a very good job, delivering high quality products. Need some more improvements on packaging. Overall nice experience.", "rating": 4.5, "ip": "127.0.0.1", "status": true, "created_at": "2021-03-16T14:02:56.336Z", "updated_at": "2021-03-20T14:06:40.881Z"}}, {"model": "store.reviewrating", "pk": 5, "fields": {"product": 1, "user": 2, "subject": "Above & Beyond", "review": "This product is awesome, above my expectations! Thanks GreatKart :)", "rating": 5.0, "ip": "127.0.0.1", "status": true, "created_at": "2021-03-17T23:08:38.161Z", "updated_at": "2021-03-20T14:03:49.259Z"}}, {"model": "store.reviewrating", "pk": 6, "fields": {"product": 1, "user": 7, "subject": "Phenomenal", "review": "Jeans is awesome, liked it a lot. It looks so good on my brother. The best thing about GreatKart is their products looks as it is in the image. No fake images. Thanks GreatKart!", "rating": 5.0, "ip": "127.0.0.1", "status": true, "created_at": "2021-03-20T14:13:16.356Z", "updated_at": "2021-03-20T14:14:18.998Z"}}, {"model": "store.reviewrating", "pk": 7, "fields": {"product": 2, "user": 16, "subject": "Very Good Shirt", "review": "I loved this shirt. Very nice", "rating": 5.0, "ip": "127.0.0.1", "status": true, "created_at": "2021-03-20T14:33:22.580Z", "updated_at": "2021-03-20T14:33:22.580Z"}}, {"model": "store.productgallery", "pk": 1, "fields": {"product": 1, "image": "store/products/image1_aEtEeYI.jpg"}}, {"model": "store.productgallery", "pk": 2, "fields": {"product": 1, "image": "store/products/image2_1awO5sI.jpg"}}, {"model": "store.productgallery", "pk": 3, "fields": {"product": 1, "image": "store/products/image13_VXhAPnK.jpg"}}, {"model": "carts.cart", "pk": 33, "fields": {"cart_id": "samw1oj3nalno58s8t81lpbdc73vq94z", "date_added": "2021-03-09"}}, {"model": "carts.cart", "pk": 34, "fields": {"cart_id": "zgy8y6rohizcmchejs11mc8ogl7th9pn", "date_added": "2021-03-09"}}, {"model": "carts.cart", "pk": 35, "fields": {"cart_id": "kq1ccppnqx31sbg2cf1tb17gux5gww6c", "date_added": "2021-03-09"}}, {"model": "carts.cart", "pk": 36, "fields": {"cart_id": "y3yks568t36ivw9wuj54lxbnt1uijdwu", "date_added": "2021-03-09"}}, {"model": "carts.cart", "pk": 37, "fields": {"cart_id": "09zl3hn93dsqtzt65ho2pgrc5lyz71ds", "date_added": "2021-03-09"}}, {"model": "carts.cart", "pk": 38, "fields": {"cart_id": "22exaymfm6q0uog3cr55lde7lj9z7ofj", "date_added": "2021-03-09"}}, {"model": "carts.cart", "pk": 39, "fields": {"cart_id": "h4i9uio2w629jr3gqhvttvaz06b01tlb", "date_added": "2021-03-09"}}, {"model": "carts.cart", "pk": 40, "fields": {"cart_id": "ste70wqxpiv180xk9but0zok5u6bs9yn", "date_added": "2021-03-09"}}, {"model": "carts.cart", "pk": 41, "fields": {"cart_id": "om6ulofwh9zkud3p2y480gy5fb5lmfgc", "date_added": "2021-03-09"}}, {"model": "carts.cart", "pk": 42, "fields": {"cart_id": "zi2y5bmi680hc9oxs6dnwr0m9a4wji58", "date_added": "2021-03-09"}}, {"model": "carts.cart", "pk": 43, "fields": {"cart_id": "usfs187o9rcl5xhd6f7zc5ezr1ucnf8h", "date_added": "2021-03-09"}}, {"model": "carts.cart", "pk": 44, "fields": {"cart_id": "sqiflz6f522fzpjx3oinkqsqworcdp0z", "date_added": "2021-03-09"}}, {"model": "carts.cart", "pk": 45, "fields": {"cart_id": "dbxrwx7erm3wigin9xl4svv1qrljv5hd", "date_added": "2021-03-09"}}, {"model": "carts.cart", "pk": 46, "fields": {"cart_id": "p78q05169psm16czecm09t9e4ewfizyx", "date_added": "2021-03-09"}}, {"model": "carts.cart", "pk": 47, "fields": {"cart_id": "r47kc8dwskr9nii4nui13gub90fn6u4v", "date_added": "2021-03-13"}}, {"model": "carts.cart", "pk": 48, "fields": {"cart_id": "gt33397mh46we2gmjkadq9nzlbt7v23e", "date_added": "2021-03-15"}}, {"model": "carts.cart", "pk": 49, "fields": {"cart_id": "5nl4qcxsdyfiqw12l99o8payf9kgodyv", "date_added": "2021-03-21"}}, {"model": "carts.cartitem", "pk": 88, "fields": {"user": null, "product": 1, "cart": 39, "quantity": 1, "is_active": true, "variations": [1, 8]}}, {"model": "carts.cartitem", "pk": 97, "fields": {"user": null, "product": 1, "cart": 46, "quantity": 1, "is_active": true, "variations": [2, 8]}}, {"model": "carts.cartitem", "pk": 131, "fields": {"user": null, "product": 1, "cart": 49, "quantity": 1, "is_active": true, "variations": [1, 8]}}, {"model": "orders.payment", "pk": 1, "fields": {"user": 16, "payment_id": "8HY600071C4197936", "payment_method": "PayPal", "amount_paid": "608.94", "status": "COMPLETED", "created_at": "2021-03-11T21:23:19.549Z"}}, {"model": "orders.payment", "pk": 2, "fields": {"user": 16, "payment_id": "2FA55420KD579683X", "payment_method": "PayPal", "amount_paid": "811.92", "status": "COMPLETED", "created_at": "2021-03-12T20:03:39.691Z"}}, {"model": "orders.payment", "pk": 3, "fields": {"user": 16, "payment_id": "7NX1453044618562C", "payment_method": "PayPal", "amount_paid": "811.92", "status": "COMPLETED", "created_at": "2021-03-12T20:43:27.251Z"}}, {"model": "orders.payment", "pk": 4, "fields": {"user": 16, "payment_id": "39D34665FP794923E", "payment_method": "PayPal", "amount_paid": "811.92", "status": "COMPLETED", "created_at": "2021-03-12T20:44:14.401Z"}}, {"model": "orders.payment", "pk": 5, "fields": {"user": 16, "payment_id": "5S758567KM099873A", "payment_method": "PayPal", "amount_paid": "811.92", "status": "COMPLETED", "created_at": "2021-03-12T20:46:58.736Z"}}, {"model": "orders.payment", "pk": 6, "fields": {"user": 16, "payment_id": "9TV46930NM905130S", "payment_method": "PayPal", "amount_paid": "811.92", "status": "COMPLETED", "created_at": "2021-03-12T20:48:42.486Z"}}, {"model": "orders.payment", "pk": 7, "fields": {"user": 16, "payment_id": "15M52820U85743443", "payment_method": "PayPal", "amount_paid": "811.92", "status": "COMPLETED", "created_at": "2021-03-12T21:00:15.259Z"}}, {"model": "orders.payment", "pk": 8, "fields": {"user": 16, "payment_id": "6SL67079R3557445D", "payment_method": "PayPal", "amount_paid": "811.92", "status": "COMPLETED", "created_at": "2021-03-12T21:05:02.251Z"}}, {"model": "orders.payment", "pk": 9, "fields": {"user": 16, "payment_id": "57T98295C1691621H", "payment_method": "PayPal", "amount_paid": "811.92", "status": "COMPLETED", "created_at": "2021-03-12T21:05:47.348Z"}}, {"model": "orders.payment", "pk": 10, "fields": {"user": 16, "payment_id": "1SD79828WB543082M", "payment_method": "PayPal", "amount_paid": "811.92", "status": "COMPLETED", "created_at": "2021-03-12T21:07:40.232Z"}}, {"model": "orders.payment", "pk": 11, "fields": {"user": 16, "payment_id": "0E080416LX7670240", "payment_method": "PayPal", "amount_paid": "608.94", "status": "COMPLETED", "created_at": "2021-03-12T21:15:44.604Z"}}, {"model": "orders.payment", "pk": 12, "fields": {"user": 16, "payment_id": "8AT807406P550202X", "payment_method": "PayPal", "amount_paid": "608.94", "status": "COMPLETED", "created_at": "2021-03-12T21:16:51.325Z"}}, {"model": "orders.payment", "pk": 13, "fields": {"user": 16, "payment_id": "38A29208NJ443452A", "payment_method": "PayPal", "amount_paid": "202.98", "status": "COMPLETED", "created_at": "2021-03-15T15:36:08.206Z"}}, {"model": "orders.payment", "pk": 14, "fields": {"user": 16, "payment_id": "9PA42884PK229780M", "payment_method": "PayPal", "amount_paid": "202.98", "status": "COMPLETED", "created_at": "2021-03-15T15:37:53.471Z"}}, {"model": "orders.payment", "pk": 15, "fields": {"user": 16, "payment_id": "09H03744U63507902", "payment_method": "PayPal", "amount_paid": "202.98", "status": "COMPLETED", "created_at": "2021-03-15T15:41:01.156Z"}}, {"model": "orders.payment", "pk": 16, "fields": {"user": 16, "payment_id": "8WR69174K1357982Y", "payment_method": "PayPal", "amount_paid": "202.98", "status": "COMPLETED", "created_at": "2021-03-15T15:45:09.876Z"}}, {"model": "orders.payment", "pk": 17, "fields": {"user": 16, "payment_id": "270504739P975243V", "payment_method": "PayPal", "amount_paid": "202.98", "status": "COMPLETED", "created_at": "2021-03-15T15:48:43.670Z"}}, {"model": "orders.payment", "pk": 18, "fields": {"user": 16, "payment_id": "3T657417RC3324225", "payment_method": "PayPal", "amount_paid": "202.98", "status": "COMPLETED", "created_at": "2021-03-15T15:51:42.427Z"}}, {"model": "orders.payment", "pk": 19, "fields": {"user": 16, "payment_id": "8T120388KE350493V", "payment_method": "PayPal", "amount_paid": "202.98", "status": "COMPLETED", "created_at": "2021-03-15T15:56:47.996Z"}}, {"model": "orders.payment", "pk": 20, "fields": {"user": 16, "payment_id": "7XA57732HT546294N", "payment_method": "PayPal", "amount_paid": "202.98", "status": "COMPLETED", "created_at": "2021-03-15T15:58:44.577Z"}}, {"model": "orders.payment", "pk": 21, "fields": {"user": 16, "payment_id": "80560200SR1325502", "payment_method": "PayPal", "amount_paid": "811.92", "status": "COMPLETED", "created_at": "2021-03-15T16:21:32.311Z"}}, {"model": "orders.payment", "pk": 22, "fields": {"user": 16, "payment_id": "6R065984NL5581017", "payment_method": "PayPal", "amount_paid": "202.98", "status": "COMPLETED", "created_at": "2021-03-15T18:27:47.314Z"}}, {"model": "orders.payment", "pk": 23, "fields": {"user": 16, "payment_id": "4YF924535P697715W", "payment_method": "PayPal", "amount_paid": "202.98", "status": "COMPLETED", "created_at": "2021-03-16T14:12:16.354Z"}}, {"model": "orders.payment", "pk": 24, "fields": {"user": 16, "payment_id": "0LJ93073HP068370X", "payment_method": "PayPal", "amount_paid": "608.94", "status": "COMPLETED", "created_at": "2021-03-17T22:10:09.902Z"}}, {"model": "orders.payment", "pk": 25, "fields": {"user": 16, "payment_id": "62F00890C6050954A", "payment_method": "PayPal", "amount_paid": "202.98", "status": "COMPLETED", "created_at": "2021-03-20T13:55:50.771Z"}}, {"model": "orders.payment", "pk": 26, "fields": {"user": 16, "payment_id": "1S89923202726435Y", "payment_method": "PayPal", "amount_paid": "405.96", "status": "COMPLETED", "created_at": "2021-03-20T13:59:17.617Z"}}, {"model": "orders.payment", "pk": 27, "fields": {"user": 16, "payment_id": "57U33715T15420538", "payment_method": "PayPal", "amount_paid": "1217.88", "status": "COMPLETED", "created_at": "2021-03-20T14:01:31.252Z"}}, {"model": "orders.payment", "pk": 28, "fields": {"user": 16, "payment_id": "4NU108349S198515X", "payment_method": "PayPal", "amount_paid": "1829.88", "status": "COMPLETED", "created_at": "2021-03-20T14:32:03.432Z"}}, {"model": "orders.order", "pk": 112, "fields": {"user": 16, "payment": 23, "order_number": "20210316112", "first_name": "Rathan", "last_name": "Kumar", "phone": "09619600049", "email": "rathan.kumar049@gmail.com", "address_line_1": "Vashi, Lane 09", "address_line_2": "", "country": "India", "state": "India", "city": "Navi Mumbai", "order_note": "", "order_total": 202.98, "tax": 3.98, "status": "New", "ip": "127.0.0.1", "is_ordered": true, "created_at": "2021-03-16T14:11:45.026Z", "updated_at": "2021-03-16T14:12:16.358Z"}}, {"model": "orders.order", "pk": 113, "fields": {"user": 16, "payment": 24, "order_number": "20210318113", "first_name": "Rathan", "last_name": "Kumar", "phone": "09619600049", "email": "rathan.kumar049@gmail.com", "address_line_1": "Vashi, Lane 09", "address_line_2": "", "country": "India", "state": "MH", "city": "Navi Mumbai", "order_note": "", "order_total": 608.94, "tax": 11.94, "status": "New", "ip": "127.0.0.1", "is_ordered": true, "created_at": "2021-03-17T22:09:36.146Z", "updated_at": "2021-03-17T22:10:09.909Z"}}, {"model": "orders.order", "pk": 114, "fields": {"user": 16, "payment": 25, "order_number": "20210320114", "first_name": "John", "last_name": "Doe", "phone": "12356599885", "email": "joe.doe@gmail.com", "address_line_1": "Ruxton road", "address_line_2": "Lane 2", "country": "United States", "state": "Texas", "city": "Austin", "order_note": "Please send this order on Sunday", "order_total": 202.98, "tax": 3.98, "status": "New", "ip": "127.0.0.1", "is_ordered": true, "created_at": "2021-03-20T13:55:05.004Z", "updated_at": "2021-03-20T13:55:50.776Z"}}, {"model": "orders.order", "pk": 115, "fields": {"user": 16, "payment": 26, "order_number": "20210320115", "first_name": "Taio", "last_name": "Cruz", "phone": "9622354895", "email": "taio.greatkart@gmail.com", "address_line_1": "Ruxton road", "address_line_2": "Lane 2", "country": "United States", "state": "Texas", "city": "Austin", "order_note": "", "order_total": 405.96, "tax": 7.96, "status": "New", "ip": "127.0.0.1", "is_ordered": true, "created_at": "2021-03-20T13:58:53.062Z", "updated_at": "2021-03-20T13:59:17.623Z"}}, {"model": "orders.order", "pk": 116, "fields": {"user": 16, "payment": 27, "order_number": "20210320116", "first_name": "Sachin", "last_name": "Shekar", "phone": "9618596563", "email": "sachin.shekar@gmail.com", "address_line_1": "Lane 34", "address_line_2": "Rx Road", "country": "United States", "state": "Texas", "city": "Dallas", "order_note": "", "order_total": 1217.88, "tax": 23.88, "status": "New", "ip": "127.0.0.1", "is_ordered": true, "created_at": "2021-03-20T14:01:04.971Z", "updated_at": "2021-03-20T14:01:31.258Z"}}, {"model": "orders.order", "pk": 117, "fields": {"user": 16, "payment": 28, "order_number": "20210320117", "first_name": "Rathan", "last_name": "Kumar", "phone": "09619600125", "email": "myemailaddress@gmail.com", "address_line_1": "Vashi, Lane 09", "address_line_2": "Rx road", "country": "India", "state": "MH", "city": "Navi Mumbai", "order_note": "Please send this order on Sunday", "order_total": 1829.88, "tax": 35.88, "status": "New", "ip": "127.0.0.1", "is_ordered": true, "created_at": "2021-03-20T14:29:21.722Z", "updated_at": "2021-03-20T14:32:03.435Z"}}, {"model": "orders.orderproduct", "pk": 29, "fields": {"order": 112, "payment": 23, "user": 16, "product": 1, "quantity": 1, "product_price": 199.0, "ordered": true, "created_at": "2021-03-16T14:12:16.366Z", "updated_at": "2021-03-16T14:12:16.378Z", "variations": [2, 8]}}, {"model": "orders.orderproduct", "pk": 30, "fields": {"order": 113, "payment": 24, "user": 16, "product": 1, "quantity": 1, "product_price": 199.0, "ordered": true, "created_at": "2021-03-17T22:10:09.916Z", "updated_at": "2021-03-17T22:10:09.932Z", "variations": [3, 8]}}, {"model": "orders.orderproduct", "pk": 31, "fields": {"order": 113, "payment": 24, "user": 16, "product": 1, "quantity": 2, "product_price": 199.0, "ordered": true, "created_at": "2021-03-17T22:10:09.947Z", "updated_at": "2021-03-17T22:10:09.964Z", "variations": [2, 7]}}, {"model": "orders.orderproduct", "pk": 32, "fields": {"order": 114, "payment": 25, "user": 16, "product": 1, "quantity": 1, "product_price": 199.0, "ordered": true, "created_at": "2021-03-20T13:55:50.784Z", "updated_at": "2021-03-20T13:55:50.799Z", "variations": [3, 9]}}, {"model": "orders.orderproduct", "pk": 33, "fields": {"order": 115, "payment": 26, "user": 16, "product": 1, "quantity": 2, "product_price": 199.0, "ordered": true, "created_at": "2021-03-20T13:59:17.631Z", "updated_at": "2021-03-20T13:59:17.645Z", "variations": [1, 8]}}, {"model": "orders.orderproduct", "pk": 34, "fields": {"order": 116, "payment": 27, "user": 16, "product": 1, "quantity": 6, "product_price": 199.0, "ordered": true, "created_at": "2021-03-20T14:01:31.266Z", "updated_at": "2021-03-20T14:01:31.279Z", "variations": [3, 8]}}, {"model": "orders.orderproduct", "pk": 35, "fields": {"order": 117, "payment": 28, "user": 16, "product": 1, "quantity": 2, "product_price": 199.0, "ordered": true, "created_at": "2021-03-20T14:32:03.440Z", "updated_at": "2021-03-20T14:32:03.449Z", "variations": [2, 8]}}, {"model": "orders.orderproduct", "pk": 36, "fields": {"order": 117, "payment": 28, "user": 16, "product": 6, "quantity": 1, "product_price": 1099.0, "ordered": true, "created_at": "2021-03-20T14:32:03.457Z", "updated_at": "2021-03-20T14:32:03.465Z", "variations": [12, 13]}}, {"model": "orders.orderproduct", "pk": 37, "fields": {"order": 117, "payment": 28, "user": 16, "product": 2, "quantity": 3, "product_price": 99.0, "ordered": true, "created_at": "2021-03-20T14:32:03.473Z", "updated_at": "2021-03-20T14:32:03.481Z", "variations": [11, 16]}}, {"model": "admin_honeypot.loginattempt", "pk": 1, "fields": {"username": "developer.rathan@gmail.com", "ip_address": "127.0.0.1", "session_key": "n4j91p81nxiugh5v4603jxy0tted4y8e", "user_agent": "Mozilla/5.0 (Windows NT 10.0; Win64; x64) AppleWebKit/537.36 (KHTML, like Gecko) Chrome/89.0.4389.90 Safari/537.36", "timestamp": "2021-03-18T20:17:22.774Z", "path": "/admin/login/?next=/admin/"}}, {"model": "admin_honeypot.loginattempt", "pk": 2, "fields": {"username": "developer.rathan@gmail.com", "ip_address": "127.0.0.1", "session_key": "12imdfqzgnpwnr5f6260js05br434bh0", "user_agent": "Mozilla/5.0 (Windows NT 10.0; Win64; x64) AppleWebKit/537.36 (KHTML, like Gecko) Chrome/89.0.4389.90 Safari/537.36", "timestamp": "2021-03-19T14:26:28.703Z", "path": "/admin/login/?next=/admin/"}}, {"model": "admin_honeypot.loginattempt", "pk": 3, "fields": {"username": "developer.rathan@gmail.com", "ip_address": "127.0.0.1", "session_key": "5nl4qcxsdyfiqw12l99o8payf9kgodyv", "user_agent": "Mozilla/5.0 (Windows NT 10.0; Win64; x64) AppleWebKit/537.36 (KHTML, like Gecko) Chrome/89.0.4389.90 Safari/537.36", "timestamp": "2021-03-21T00:39:36.996Z", "path": "/admin/login/?next=/admin/"}}]